CASE=s5-before-prepared-append MODE=crash BOUNDARY=before_prepared_append
STARTED=2026-08-13T20:42:25.9098373+07:00
FINISHED=2026-08-13T20:42:44.1140874+07:00
GRADLE_EXIT_CODE=1
TIMED_OUT=False
To honour the JVM settings for this build a single-use Daemon process will be forked. For more on this, please refer to https://docs.gradle.org/9.5.1/userguide/gradle_daemon.html#sec:disabling_the_daemon in the Gradle documentation.
Daemon will be stopped at the end of the build

> Configure project :platform-fabric
Fabric Loom: 1.17.19

> Task :minecraft-common:processResources NO-SOURCE
> Task :construction-core:processResources NO-SOURCE
> Task :platform-fabric:processResources UP-TO-DATE
> Task :architect-core:compileJava UP-TO-DATE
> Task :architect-core:processResources UP-TO-DATE
> Task :platform-fabric:deleteGameTestRunDir
> Task :architect-core:classes UP-TO-DATE
> Task :architect-core:jar UP-TO-DATE
> Task :construction-core:compileJava UP-TO-DATE
> Task :platform-fabric:acceptGameTestEula
> Task :construction-core:classes UP-TO-DATE
> Task :platform-fabric:generateLog4jConfig UP-TO-DATE
> Task :construction-core:jar UP-TO-DATE
> Task :minecraft-common:compileJava UP-TO-DATE
> Task :minecraft-common:classes UP-TO-DATE
> Task :platform-fabric:generateDLIConfig UP-TO-DATE
> Task :minecraft-common:jar UP-TO-DATE
> Task :platform-fabric:compileJava UP-TO-DATE
> Task :platform-fabric:classes UP-TO-DATE
> Task :platform-fabric:configureLaunch

> Task :platform-fabric:runServer
[20:42:32] [main/INFO] (FabricLoader/GameProvider) Loading Minecraft 26.2 with Fabric Loader 0.19.3
[20:42:32] [main/INFO] (FabricLoader/Mappings) Mappings not present!
[20:42:32] [main/INFO] (FabricLoader) Loading 43 mods:
	- fabric-api 0.154.2+26.2
	   |-- fabric-key-mapping-api-v1 2.0.5+e2bdee789e
	   |-- fabric-model-loading-api-v1 8.0.15+c80601bb9e
	   |-- fabric-renderer-api-v1 14.1.2+2b0d8a229e
	   |-- fabric-renderer-indigo 9.1.2+2b0d8a229e
	   |-- fabric-rendering-v1 25.3.1+6988455e9e
	   |-- fabric-screen-api-v1 5.1.0+48e3c0b09e
	   \-- fabric-sound-api-v1 2.0.5+11a26f319e
	- fabric-api-base 2.0.4+ece063239e
	- fabric-api-lookup-api-v1 2.0.17+11e1c9a39e
	- fabric-biome-api-v1 18.0.6+c7bd5b8e9e
	- fabric-block-api-v1 3.0.3+ec56b6019e
	- fabric-block-getter-api-v2 2.0.7+ec56b6019e
	- fabric-command-api-v2 3.1.0+00cb03469e
	- fabric-content-registries-v0 11.2.2+b7a678a99e
	- fabric-convention-tags-v2 4.7.0+1f023a9e9e
	- fabric-crash-report-info-v1 1.0.5+086d547a9e
	- fabric-creative-tab-api-v1 5.0.14+d871b99e9e
	- fabric-data-attachment-api-v1 2.2.17+aa0fd6fe9e
	- fabric-data-generation-api-v1 25.4.4+9e7dc27f9e
	- fabric-debug-api-v1 1.0.2+c792624d9e
	- fabric-dimensions-v1 5.1.9+9cbf5da59e
	- fabric-entity-events-v1 5.0.5+06488ac19e
	- fabric-events-interaction-v0 5.2.6+8f57f7ee9e
	- fabric-game-rule-api-v1 4.0.8+46a6d00c9e
	- fabric-gametest-api-v1 4.0.21+4a7fa0819e
	- fabric-item-api-v1 14.2.0+7aec7be39e
	- fabric-lifecycle-events-v1 4.1.3+4575b05f9e
	- fabric-loot-api-v3 3.0.17+06488ac19e
	- fabric-menu-api-v1 2.0.16+086d547a9e
	- fabric-message-api-v1 7.0.7+086d547a9e
	- fabric-networking-api-v1 6.3.3+72073ef09e
	- fabric-object-builder-api-v1 24.1.0+6fcd5f039e
	- fabric-particles-v1 5.0.18+d1756aa99e
	- fabric-permission-api-v1 1.0.3+b7020ca29e
	- fabric-recipe-api-v1 9.0.20+11e1c9a39e
	- fabric-registry-sync-v0 7.1.0+c7bd5b8e9e
	- fabric-rendering-fluids-v1 6.0.4+06488ac19e
	- fabric-resource-conditions-api-v1 6.1.0+10e9a28b9e
	- fabric-resource-loader-v0 3.3.20+4fc5413f9e
	- fabric-resource-loader-v1 2.0.13+9edec1269e
	- fabric-serialization-api-v1 2.0.4+11a26f319e
	- fabric-tag-api-v1 2.1.3+794df31d9e
	- fabric-transfer-api-v1 8.0.11+39b5a3929e
	- fabric-transitive-access-wideners-v1 8.1.4+67c847259e
	- fabricloader 0.19.3
	- java 25
	- minecraft 26.2
	- mixinextras 0.5.4
	- smart_survival_architect 0.1.0-SNAPSHOT
[20:42:32] [main/INFO] (FabricLoader/Mixin) SpongePowered MIXIN Subsystem Version=0.8.7 Source=file:/C:/Users/clone/.gradle/caches/modules-2/files-2.1/net.fabricmc/sponge-mixin/0.17.3+mixin.0.8.7/41c4a3984a80f4679e759fb9f495587acc5cdac7/sponge-mixin-0.17.3+mixin.0.8.7.jar Service=Knot/Fabric Env=SERVER
[20:42:33] [main/INFO] (FabricLoader/Mixin) Compatibility level set to JAVA_25
[20:42:33] [main/INFO] (FabricLoader/MixinExtras|Service) Initializing MixinExtras via com.llamalad7.mixinextras.service.MixinExtrasServiceImpl(version=0.5.4).
[20:42:39] [main/INFO] (smart_survival_architect) SSA_S1_COMMON_READY block=smart_survival_architect:spike_marker
[20:42:39] [main/INFO] (Minecraft) Environment: Environment[sessionHost=https://sessionserver.mojang.com, servicesHost=https://api.minecraftservices.com, profilesHost=https://api.mojang.com, name=PROD]
[20:42:40] [Worker-Main-2/INFO] (Minecraft) No existing world data, creating new world
[20:42:40] [main/INFO] (Minecraft) Loaded 1585 recipes
[20:42:40] [main/INFO] (Minecraft) Loaded 1688 advancements
[20:42:40] [main/INFO] (BiomeModificationImpl) Applied 0 biome modifications to 0 of 66 new biomes in 1.506 ms
[20:42:40] [Server thread/INFO] (Minecraft) Starting minecraft server version 26.2
[20:42:40] [Server thread/INFO] (Minecraft) Loading properties
[20:42:40] [Server thread/INFO] (Minecraft) Default game type: SURVIVAL
[20:42:40] [Server thread/INFO] (Minecraft) Generating keypair
[20:42:41] [Server thread/INFO] (Minecraft) Starting Minecraft server on *:0
[20:42:41] [Server thread/INFO] (Minecraft) Preparing level "world"
[20:42:41] [Server thread/INFO] (Minecraft) Selecting global world spawn...
[20:42:43] [Server thread/INFO] (Minecraft) Loading 0 persistent chunks...
[20:42:43] [Server thread/INFO] (Minecraft) Preparing spawn area: 100%
[20:42:43] [Server thread/INFO] (Minecraft) Time elapsed: 2171 ms
[20:42:43] [Server thread/INFO] (Minecraft) Done (2.386s)! For help, type "help"
[20:42:43] [Server thread/INFO] (Minecraft) Saving chunks for level 'ServerLevel[world]'/minecraft:overworld
[20:42:43] [Server thread/INFO] (Minecraft) Saving chunks for level 'ServerLevel[world]'/minecraft:the_nether
[20:42:43] [Server thread/INFO] (Minecraft) Saving chunks for level 'ServerLevel[world]'/minecraft:the_end
[20:42:43] [Server thread/INFO] (Minecraft) ThreadedAnvilChunkStorage (world): All chunks are saved
[20:42:43] [Server thread/INFO] (Minecraft) ThreadedAnvilChunkStorage (DIM-1): All chunks are saved
[20:42:43] [Server thread/INFO] (Minecraft) ThreadedAnvilChunkStorage (DIM1): All chunks are saved
[20:42:43] [Server thread/INFO] (Minecraft) ThreadedAnvilChunkStorage: All dimensions are saved
SSA_S5_CRASH fixture=s5-before-prepared-append boundary=before_prepared_append exit=70

> Task :platform-fabric:runServer FAILED
14 actionable tasks: 3 executed, 11 up-to-date


FAILURE: Build failed with an exception.

* What went wrong:
Execution failed for task ':platform-fabric:runServer' (registered by plugin 'fabric-loom').
> Process 'command 'C:\Program Files\Eclipse Adoptium\jdk-25.0.4.7-hotspot\bin\java.exe'' finished with non-zero exit value 70

* Try:
> Run with --stacktrace option to get the stack trace.
> Run with --info or --debug option to get more log output.
> Run with --scan to get full insights from a Build Scan (powered by Develocity).
> Get more help at https://help.gradle.org.

BUILD FAILED in 18s

CASE=s5-before-prepared-append MODE=recover BOUNDARY=before_prepared_append
STARTED=2026-08-13T20:42:44.1391452+07:00
FINISHED=2026-08-13T20:43:00.3573226+07:00
GRADLE_EXIT_CODE=0
TIMED_OUT=False
To honour the JVM settings for this build a single-use Daemon process will be forked. For more on this, please refer to https://docs.gradle.org/9.5.1/userguide/gradle_daemon.html#sec:disabling_the_daemon in the Gradle documentation.
Daemon will be stopped at the end of the build

> Configure project :platform-fabric
Fabric Loom: 1.17.19

> Task :minecraft-common:processResources NO-SOURCE
> Task :construction-core:processResources NO-SOURCE
> Task :platform-fabric:processResources UP-TO-DATE
> Task :architect-core:compileJava UP-TO-DATE
> Task :architect-core:processResources UP-TO-DATE
> Task :platform-fabric:deleteGameTestRunDir
> Task :architect-core:classes UP-TO-DATE
> Task :architect-core:jar UP-TO-DATE
> Task :construction-core:compileJava UP-TO-DATE
> Task :platform-fabric:acceptGameTestEula
> Task :construction-core:classes UP-TO-DATE
> Task :platform-fabric:generateLog4jConfig UP-TO-DATE
> Task :construction-core:jar UP-TO-DATE
> Task :platform-fabric:generateDLIConfig UP-TO-DATE
> Task :minecraft-common:compileJava UP-TO-DATE
> Task :platform-fabric:configureLaunch
> Task :minecraft-common:classes UP-TO-DATE
> Task :minecraft-common:jar UP-TO-DATE
> Task :platform-fabric:compileJava UP-TO-DATE
> Task :platform-fabric:classes UP-TO-DATE

> Task :platform-fabric:runServer
[20:42:50] [main/INFO] (FabricLoader/GameProvider) Loading Minecraft 26.2 with Fabric Loader 0.19.3
[20:42:50] [main/INFO] (FabricLoader/Mappings) Mappings not present!
[20:42:51] [main/INFO] (FabricLoader) Loading 43 mods:
	- fabric-api 0.154.2+26.2
	   |-- fabric-key-mapping-api-v1 2.0.5+e2bdee789e
	   |-- fabric-model-loading-api-v1 8.0.15+c80601bb9e
	   |-- fabric-renderer-api-v1 14.1.2+2b0d8a229e
	   |-- fabric-renderer-indigo 9.1.2+2b0d8a229e
	   |-- fabric-rendering-v1 25.3.1+6988455e9e
	   |-- fabric-screen-api-v1 5.1.0+48e3c0b09e
	   \-- fabric-sound-api-v1 2.0.5+11a26f319e
	- fabric-api-base 2.0.4+ece063239e
	- fabric-api-lookup-api-v1 2.0.17+11e1c9a39e
	- fabric-biome-api-v1 18.0.6+c7bd5b8e9e
	- fabric-block-api-v1 3.0.3+ec56b6019e
	- fabric-block-getter-api-v2 2.0.7+ec56b6019e
	- fabric-command-api-v2 3.1.0+00cb03469e
	- fabric-content-registries-v0 11.2.2+b7a678a99e
	- fabric-convention-tags-v2 4.7.0+1f023a9e9e
	- fabric-crash-report-info-v1 1.0.5+086d547a9e
	- fabric-creative-tab-api-v1 5.0.14+d871b99e9e
	- fabric-data-attachment-api-v1 2.2.17+aa0fd6fe9e
	- fabric-data-generation-api-v1 25.4.4+9e7dc27f9e
	- fabric-debug-api-v1 1.0.2+c792624d9e
	- fabric-dimensions-v1 5.1.9+9cbf5da59e
	- fabric-entity-events-v1 5.0.5+06488ac19e
	- fabric-events-interaction-v0 5.2.6+8f57f7ee9e
	- fabric-game-rule-api-v1 4.0.8+46a6d00c9e
	- fabric-gametest-api-v1 4.0.21+4a7fa0819e
	- fabric-item-api-v1 14.2.0+7aec7be39e
	- fabric-lifecycle-events-v1 4.1.3+4575b05f9e
	- fabric-loot-api-v3 3.0.17+06488ac19e
	- fabric-menu-api-v1 2.0.16+086d547a9e
	- fabric-message-api-v1 7.0.7+086d547a9e
	- fabric-networking-api-v1 6.3.3+72073ef09e
	- fabric-object-builder-api-v1 24.1.0+6fcd5f039e
	- fabric-particles-v1 5.0.18+d1756aa99e
	- fabric-permission-api-v1 1.0.3+b7020ca29e
	- fabric-recipe-api-v1 9.0.20+11e1c9a39e
	- fabric-registry-sync-v0 7.1.0+c7bd5b8e9e
	- fabric-rendering-fluids-v1 6.0.4+06488ac19e
	- fabric-resource-conditions-api-v1 6.1.0+10e9a28b9e
	- fabric-resource-loader-v0 3.3.20+4fc5413f9e
	- fabric-resource-loader-v1 2.0.13+9edec1269e
	- fabric-serialization-api-v1 2.0.4+11a26f319e
	- fabric-tag-api-v1 2.1.3+794df31d9e
	- fabric-transfer-api-v1 8.0.11+39b5a3929e
	- fabric-transitive-access-wideners-v1 8.1.4+67c847259e
	- fabricloader 0.19.3
	- java 25
	- minecraft 26.2
	- mixinextras 0.5.4
	- smart_survival_architect 0.1.0-SNAPSHOT
[20:42:51] [main/INFO] (FabricLoader/Mixin) SpongePowered MIXIN Subsystem Version=0.8.7 Source=file:/C:/Users/clone/.gradle/caches/modules-2/files-2.1/net.fabricmc/sponge-mixin/0.17.3+mixin.0.8.7/41c4a3984a80f4679e759fb9f495587acc5cdac7/sponge-mixin-0.17.3+mixin.0.8.7.jar Service=Knot/Fabric Env=SERVER
[20:42:51] [main/INFO] (FabricLoader/Mixin) Compatibility level set to JAVA_25
[20:42:51] [main/INFO] (FabricLoader/MixinExtras|Service) Initializing MixinExtras via com.llamalad7.mixinextras.service.MixinExtrasServiceImpl(version=0.5.4).
[20:42:57] [main/INFO] (smart_survival_architect) SSA_S1_COMMON_READY block=smart_survival_architect:spike_marker
[20:42:57] [main/INFO] (Minecraft) Environment: Environment[sessionHost=https://sessionserver.mojang.com, servicesHost=https://api.minecraftservices.com, profilesHost=https://api.mojang.com, name=PROD]
[20:42:58] [main/INFO] (Minecraft) Loaded 1585 recipes
[20:42:58] [main/INFO] (Minecraft) Loaded 1688 advancements
[20:42:58] [main/INFO] (BiomeModificationImpl) Applied 0 biome modifications to 0 of 66 new biomes in 1.951 ms
[20:42:58] [Server thread/INFO] (Minecraft) Starting minecraft server version 26.2
[20:42:58] [Server thread/INFO] (Minecraft) Loading properties
[20:42:58] [Server thread/INFO] (Minecraft) Default game type: SURVIVAL
[20:42:58] [Server thread/INFO] (Minecraft) Generating keypair
[20:42:58] [Server thread/INFO] (Minecraft) Starting Minecraft server on *:0
[20:42:59] [Server thread/INFO] (Minecraft) Preparing level "world"
[20:42:59] [Server thread/INFO] (Minecraft) Loading 0 persistent chunks...
[20:42:59] [Server thread/INFO] (Minecraft) Preparing spawn area: 100%
[20:42:59] [Server thread/INFO] (Minecraft) Time elapsed: 53 ms
[20:42:59] [Server thread/INFO] (Minecraft) Done (0.341s)! For help, type "help"
[20:42:59] [Server thread/INFO] (Minecraft) Saving chunks for level 'ServerLevel[world]'/minecraft:overworld
[20:42:59] [Server thread/INFO] (Minecraft) Saving chunks for level 'ServerLevel[world]'/minecraft:the_nether
[20:42:59] [Server thread/INFO] (Minecraft) Saving chunks for level 'ServerLevel[world]'/minecraft:the_end
[20:42:59] [Server thread/INFO] (Minecraft) ThreadedAnvilChunkStorage (world): All chunks are saved
[20:42:59] [Server thread/INFO] (Minecraft) ThreadedAnvilChunkStorage (DIM-1): All chunks are saved
[20:42:59] [Server thread/INFO] (Minecraft) ThreadedAnvilChunkStorage (DIM1): All chunks are saved
[20:42:59] [Server thread/INFO] (Minecraft) ThreadedAnvilChunkStorage: All dimensions are saved
SSA_S5_RECOVERY fixture=s5-before-prepared-append boundary=before_prepared_append first=NO_ACTIVE_INTENT second=NO_ACTIVE_INTENT scheduled=true world=1ba9a355-6ca2-4319-b270-5008f5f9abf2 metadata=true exact=true
[20:42:59] [Server thread/INFO] (Minecraft) Stopping server
[20:42:59] [Server thread/INFO] (Minecraft) Saving players
[20:42:59] [Server thread/INFO] (Minecraft) Saving worlds
[20:42:59] [Server thread/INFO] (Minecraft) Saving chunks for level 'ServerLevel[world]'/minecraft:overworld
[20:42:59] [Server thread/INFO] (Minecraft) Saving chunks for level 'ServerLevel[world]'/minecraft:the_nether
[20:42:59] [Server thread/INFO] (Minecraft) Saving chunks for level 'ServerLevel[world]'/minecraft:the_end
[20:42:59] [Server thread/INFO] (Minecraft) ThreadedAnvilChunkStorage (world): All chunks are saved
[20:42:59] [Server thread/INFO] (Minecraft) ThreadedAnvilChunkStorage (DIM-1): All chunks are saved
[20:42:59] [Server thread/INFO] (Minecraft) ThreadedAnvilChunkStorage (DIM1): All chunks are saved
[20:42:59] [Server thread/INFO] (Minecraft) ThreadedAnvilChunkStorage: All dimensions are saved

BUILD SUCCESSFUL in 16s
14 actionable tasks: 3 executed, 11 up-to-date

CASE=s5-after-append-before-fsync-ack MODE=crash BOUNDARY=after_append_before_fsync_ack
STARTED=2026-08-13T20:43:00.4274277+07:00
FINISHED=2026-08-13T20:43:16.9665032+07:00
GRADLE_EXIT_CODE=1
TIMED_OUT=False
To honour the JVM settings for this build a single-use Daemon process will be forked. For more on this, please refer to https://docs.gradle.org/9.5.1/userguide/gradle_daemon.html#sec:disabling_the_daemon in the Gradle documentation.
Daemon will be stopped at the end of the build

> Configure project :platform-fabric
Fabric Loom: 1.17.19

> Task :construction-core:processResources NO-SOURCE
> Task :minecraft-common:processResources NO-SOURCE
> Task :platform-fabric:processResources UP-TO-DATE
> Task :architect-core:compileJava UP-TO-DATE
> Task :architect-core:processResources UP-TO-DATE
> Task :architect-core:classes UP-TO-DATE
> Task :platform-fabric:deleteGameTestRunDir
> Task :architect-core:jar UP-TO-DATE
> Task :construction-core:compileJava UP-TO-DATE
> Task :construction-core:classes UP-TO-DATE
> Task :platform-fabric:acceptGameTestEula
> Task :platform-fabric:generateLog4jConfig UP-TO-DATE
> Task :construction-core:jar UP-TO-DATE
> Task :minecraft-common:compileJava UP-TO-DATE
> Task :minecraft-common:classes UP-TO-DATE
> Task :platform-fabric:generateDLIConfig UP-TO-DATE
> Task :minecraft-common:jar UP-TO-DATE
> Task :platform-fabric:compileJava UP-TO-DATE
> Task :platform-fabric:classes UP-TO-DATE
> Task :platform-fabric:configureLaunch

> Task :platform-fabric:runServer
[20:43:07] [main/INFO] (FabricLoader/GameProvider) Loading Minecraft 26.2 with Fabric Loader 0.19.3
[20:43:07] [main/INFO] (FabricLoader/Mappings) Mappings not present!
[20:43:07] [main/INFO] (FabricLoader) Loading 43 mods:
	- fabric-api 0.154.2+26.2
	   |-- fabric-key-mapping-api-v1 2.0.5+e2bdee789e
	   |-- fabric-model-loading-api-v1 8.0.15+c80601bb9e
	   |-- fabric-renderer-api-v1 14.1.2+2b0d8a229e
	   |-- fabric-renderer-indigo 9.1.2+2b0d8a229e
	   |-- fabric-rendering-v1 25.3.1+6988455e9e
	   |-- fabric-screen-api-v1 5.1.0+48e3c0b09e
	   \-- fabric-sound-api-v1 2.0.5+11a26f319e
	- fabric-api-base 2.0.4+ece063239e
	- fabric-api-lookup-api-v1 2.0.17+11e1c9a39e
	- fabric-biome-api-v1 18.0.6+c7bd5b8e9e
	- fabric-block-api-v1 3.0.3+ec56b6019e
	- fabric-block-getter-api-v2 2.0.7+ec56b6019e
	- fabric-command-api-v2 3.1.0+00cb03469e
	- fabric-content-registries-v0 11.2.2+b7a678a99e
	- fabric-convention-tags-v2 4.7.0+1f023a9e9e
	- fabric-crash-report-info-v1 1.0.5+086d547a9e
	- fabric-creative-tab-api-v1 5.0.14+d871b99e9e
	- fabric-data-attachment-api-v1 2.2.17+aa0fd6fe9e
	- fabric-data-generation-api-v1 25.4.4+9e7dc27f9e
	- fabric-debug-api-v1 1.0.2+c792624d9e
	- fabric-dimensions-v1 5.1.9+9cbf5da59e
	- fabric-entity-events-v1 5.0.5+06488ac19e
	- fabric-events-interaction-v0 5.2.6+8f57f7ee9e
	- fabric-game-rule-api-v1 4.0.8+46a6d00c9e
	- fabric-gametest-api-v1 4.0.21+4a7fa0819e
	- fabric-item-api-v1 14.2.0+7aec7be39e
	- fabric-lifecycle-events-v1 4.1.3+4575b05f9e
	- fabric-loot-api-v3 3.0.17+06488ac19e
	- fabric-menu-api-v1 2.0.16+086d547a9e
	- fabric-message-api-v1 7.0.7+086d547a9e
	- fabric-networking-api-v1 6.3.3+72073ef09e
	- fabric-object-builder-api-v1 24.1.0+6fcd5f039e
	- fabric-particles-v1 5.0.18+d1756aa99e
	- fabric-permission-api-v1 1.0.3+b7020ca29e
	- fabric-recipe-api-v1 9.0.20+11e1c9a39e
	- fabric-registry-sync-v0 7.1.0+c7bd5b8e9e
	- fabric-rendering-fluids-v1 6.0.4+06488ac19e
	- fabric-resource-conditions-api-v1 6.1.0+10e9a28b9e
	- fabric-resource-loader-v0 3.3.20+4fc5413f9e
	- fabric-resource-loader-v1 2.0.13+9edec1269e
	- fabric-serialization-api-v1 2.0.4+11a26f319e
	- fabric-tag-api-v1 2.1.3+794df31d9e
	- fabric-transfer-api-v1 8.0.11+39b5a3929e
	- fabric-transitive-access-wideners-v1 8.1.4+67c847259e
	- fabricloader 0.19.3
	- java 25
	- minecraft 26.2
	- mixinextras 0.5.4
	- smart_survival_architect 0.1.0-SNAPSHOT
[20:43:07] [main/INFO] (FabricLoader/Mixin) SpongePowered MIXIN Subsystem Version=0.8.7 Source=file:/C:/Users/clone/.gradle/caches/modules-2/files-2.1/net.fabricmc/sponge-mixin/0.17.3+mixin.0.8.7/41c4a3984a80f4679e759fb9f495587acc5cdac7/sponge-mixin-0.17.3+mixin.0.8.7.jar Service=Knot/Fabric Env=SERVER
[20:43:07] [main/INFO] (FabricLoader/Mixin) Compatibility level set to JAVA_25
[20:43:08] [main/INFO] (FabricLoader/MixinExtras|Service) Initializing MixinExtras via com.llamalad7.mixinextras.service.MixinExtrasServiceImpl(version=0.5.4).
[20:43:14] [main/INFO] (smart_survival_architect) SSA_S1_COMMON_READY block=smart_survival_architect:spike_marker
[20:43:14] [main/INFO] (Minecraft) Environment: Environment[sessionHost=https://sessionserver.mojang.com, servicesHost=https://api.minecraftservices.com, profilesHost=https://api.mojang.com, name=PROD]
[20:43:15] [main/INFO] (Minecraft) Loaded 1585 recipes
[20:43:15] [main/INFO] (Minecraft) Loaded 1688 advancements
[20:43:15] [main/INFO] (BiomeModificationImpl) Applied 0 biome modifications to 0 of 66 new biomes in 1.197 ms
[20:43:15] [Server thread/INFO] (Minecraft) Starting minecraft server version 26.2
[20:43:15] [Server thread/INFO] (Minecraft) Loading properties
[20:43:15] [Server thread/INFO] (Minecraft) Default game type: SURVIVAL
[20:43:15] [Server thread/INFO] (Minecraft) Generating keypair
[20:43:15] [Server thread/INFO] (Minecraft) Starting Minecraft server on *:0
[20:43:15] [Server thread/INFO] (Minecraft) Preparing level "world"
[20:43:16] [Server thread/INFO] (Minecraft) Loading 0 persistent chunks...
[20:43:16] [Server thread/INFO] (Minecraft) Preparing spawn area: 100%
[20:43:16] [Server thread/INFO] (Minecraft) Time elapsed: 51 ms
[20:43:16] [Server thread/INFO] (Minecraft) Done (0.355s)! For help, type "help"
[20:43:16] [Server thread/INFO] (Minecraft) Saving chunks for level 'ServerLevel[world]'/minecraft:overworld
[20:43:16] [Server thread/INFO] (Minecraft) Saving chunks for level 'ServerLevel[world]'/minecraft:the_end
[20:43:16] [Server thread/INFO] (Minecraft) Saving chunks for level 'ServerLevel[world]'/minecraft:the_nether
[20:43:16] [Server thread/INFO] (Minecraft) ThreadedAnvilChunkStorage (world): All chunks are saved
[20:43:16] [Server thread/INFO] (Minecraft) ThreadedAnvilChunkStorage (DIM1): All chunks are saved
[20:43:16] [Server thread/INFO] (Minecraft) ThreadedAnvilChunkStorage (DIM-1): All chunks are saved
[20:43:16] [Server thread/INFO] (Minecraft) ThreadedAnvilChunkStorage: All dimensions are saved
SSA_S5_CRASH fixture=s5-after-append-before-fsync-ack boundary=after_append_before_fsync_ack exit=70

> Task :platform-fabric:runServer FAILED
14 actionable tasks: 3 executed, 11 up-to-date


FAILURE: Build failed with an exception.

* What went wrong:
Execution failed for task ':platform-fabric:runServer' (registered by plugin 'fabric-loom').
> Process 'command 'C:\Program Files\Eclipse Adoptium\jdk-25.0.4.7-hotspot\bin\java.exe'' finished with non-zero exit value 70

* Try:
> Run with --stacktrace option to get the stack trace.
> Run with --info or --debug option to get more log output.
> Run with --scan to get full insights from a Build Scan (powered by Develocity).
> Get more help at https://help.gradle.org.

BUILD FAILED in 16s

CASE=s5-after-append-before-fsync-ack MODE=recover BOUNDARY=after_append_before_fsync_ack
STARTED=2026-08-13T20:43:16.9675034+07:00
FINISHED=2026-08-13T20:43:34.2785711+07:00
GRADLE_EXIT_CODE=0
TIMED_OUT=False
To honour the JVM settings for this build a single-use Daemon process will be forked. For more on this, please refer to https://docs.gradle.org/9.5.1/userguide/gradle_daemon.html#sec:disabling_the_daemon in the Gradle documentation.
Daemon will be stopped at the end of the build

> Configure project :platform-fabric
Fabric Loom: 1.17.19

> Task :minecraft-common:processResources NO-SOURCE
> Task :construction-core:processResources NO-SOURCE
> Task :platform-fabric:processResources UP-TO-DATE
> Task :architect-core:compileJava UP-TO-DATE
> Task :platform-fabric:deleteGameTestRunDir
> Task :architect-core:processResources UP-TO-DATE
> Task :architect-core:classes UP-TO-DATE
> Task :architect-core:jar UP-TO-DATE
> Task :platform-fabric:acceptGameTestEula
> Task :platform-fabric:generateLog4jConfig UP-TO-DATE
> Task :construction-core:compileJava UP-TO-DATE
> Task :construction-core:classes UP-TO-DATE
> Task :platform-fabric:generateDLIConfig UP-TO-DATE
> Task :platform-fabric:configureLaunch
> Task :construction-core:jar UP-TO-DATE
> Task :minecraft-common:compileJava UP-TO-DATE
> Task :minecraft-common:classes UP-TO-DATE
> Task :minecraft-common:jar UP-TO-DATE
> Task :platform-fabric:compileJava UP-TO-DATE
> Task :platform-fabric:classes UP-TO-DATE

> Task :platform-fabric:runServer
[20:43:24] [main/INFO] (FabricLoader/GameProvider) Loading Minecraft 26.2 with Fabric Loader 0.19.3
[20:43:24] [main/INFO] (FabricLoader/Mappings) Mappings not present!
[20:43:24] [main/INFO] (FabricLoader) Loading 43 mods:
	- fabric-api 0.154.2+26.2
	   |-- fabric-key-mapping-api-v1 2.0.5+e2bdee789e
	   |-- fabric-model-loading-api-v1 8.0.15+c80601bb9e
	   |-- fabric-renderer-api-v1 14.1.2+2b0d8a229e
	   |-- fabric-renderer-indigo 9.1.2+2b0d8a229e
	   |-- fabric-rendering-v1 25.3.1+6988455e9e
	   |-- fabric-screen-api-v1 5.1.0+48e3c0b09e
	   \-- fabric-sound-api-v1 2.0.5+11a26f319e
	- fabric-api-base 2.0.4+ece063239e
	- fabric-api-lookup-api-v1 2.0.17+11e1c9a39e
	- fabric-biome-api-v1 18.0.6+c7bd5b8e9e
	- fabric-block-api-v1 3.0.3+ec56b6019e
	- fabric-block-getter-api-v2 2.0.7+ec56b6019e
	- fabric-command-api-v2 3.1.0+00cb03469e
	- fabric-content-registries-v0 11.2.2+b7a678a99e
	- fabric-convention-tags-v2 4.7.0+1f023a9e9e
	- fabric-crash-report-info-v1 1.0.5+086d547a9e
	- fabric-creative-tab-api-v1 5.0.14+d871b99e9e
	- fabric-data-attachment-api-v1 2.2.17+aa0fd6fe9e
	- fabric-data-generation-api-v1 25.4.4+9e7dc27f9e
	- fabric-debug-api-v1 1.0.2+c792624d9e
	- fabric-dimensions-v1 5.1.9+9cbf5da59e
	- fabric-entity-events-v1 5.0.5+06488ac19e
	- fabric-events-interaction-v0 5.2.6+8f57f7ee9e
	- fabric-game-rule-api-v1 4.0.8+46a6d00c9e
	- fabric-gametest-api-v1 4.0.21+4a7fa0819e
	- fabric-item-api-v1 14.2.0+7aec7be39e
	- fabric-lifecycle-events-v1 4.1.3+4575b05f9e
	- fabric-loot-api-v3 3.0.17+06488ac19e
	- fabric-menu-api-v1 2.0.16+086d547a9e
	- fabric-message-api-v1 7.0.7+086d547a9e
	- fabric-networking-api-v1 6.3.3+72073ef09e
	- fabric-object-builder-api-v1 24.1.0+6fcd5f039e
	- fabric-particles-v1 5.0.18+d1756aa99e
	- fabric-permission-api-v1 1.0.3+b7020ca29e
	- fabric-recipe-api-v1 9.0.20+11e1c9a39e
	- fabric-registry-sync-v0 7.1.0+c7bd5b8e9e
	- fabric-rendering-fluids-v1 6.0.4+06488ac19e
	- fabric-resource-conditions-api-v1 6.1.0+10e9a28b9e
	- fabric-resource-loader-v0 3.3.20+4fc5413f9e
	- fabric-resource-loader-v1 2.0.13+9edec1269e
	- fabric-serialization-api-v1 2.0.4+11a26f319e
	- fabric-tag-api-v1 2.1.3+794df31d9e
	- fabric-transfer-api-v1 8.0.11+39b5a3929e
	- fabric-transitive-access-wideners-v1 8.1.4+67c847259e
	- fabricloader 0.19.3
	- java 25
	- minecraft 26.2
	- mixinextras 0.5.4
	- smart_survival_architect 0.1.0-SNAPSHOT
[20:43:24] [main/INFO] (FabricLoader/Mixin) SpongePowered MIXIN Subsystem Version=0.8.7 Source=file:/C:/Users/clone/.gradle/caches/modules-2/files-2.1/net.fabricmc/sponge-mixin/0.17.3+mixin.0.8.7/41c4a3984a80f4679e759fb9f495587acc5cdac7/sponge-mixin-0.17.3+mixin.0.8.7.jar Service=Knot/Fabric Env=SERVER
[20:43:24] [main/INFO] (FabricLoader/Mixin) Compatibility level set to JAVA_25
[20:43:25] [main/INFO] (FabricLoader/MixinExtras|Service) Initializing MixinExtras via com.llamalad7.mixinextras.service.MixinExtrasServiceImpl(version=0.5.4).
[20:43:31] [main/INFO] (smart_survival_architect) SSA_S1_COMMON_READY block=smart_survival_architect:spike_marker
[20:43:31] [main/INFO] (Minecraft) Environment: Environment[sessionHost=https://sessionserver.mojang.com, servicesHost=https://api.minecraftservices.com, profilesHost=https://api.mojang.com, name=PROD]
[20:43:32] [main/INFO] (Minecraft) Loaded 1585 recipes
[20:43:32] [main/INFO] (Minecraft) Loaded 1688 advancements
[20:43:32] [main/INFO] (BiomeModificationImpl) Applied 0 biome modifications to 0 of 66 new biomes in 1.354 ms
[20:43:32] [Server thread/INFO] (Minecraft) Starting minecraft server version 26.2
[20:43:32] [Server thread/INFO] (Minecraft) Loading properties
[20:43:32] [Server thread/INFO] (Minecraft) Default game type: SURVIVAL
[20:43:32] [Server thread/INFO] (Minecraft) Generating keypair
[20:43:32] [Server thread/INFO] (Minecraft) Starting Minecraft server on *:0
[20:43:33] [Server thread/INFO] (Minecraft) Preparing level "world"
[20:43:33] [Server thread/INFO] (Minecraft) Loading 0 persistent chunks...
[20:43:33] [Server thread/INFO] (Minecraft) Preparing spawn area: 100%
[20:43:33] [Server thread/INFO] (Minecraft) Time elapsed: 51 ms
[20:43:33] [Server thread/INFO] (Minecraft) Done (0.295s)! For help, type "help"
[20:43:33] [Server thread/INFO] (Minecraft) Saving chunks for level 'ServerLevel[world]'/minecraft:overworld
[20:43:33] [Server thread/INFO] (Minecraft) Saving chunks for level 'ServerLevel[world]'/minecraft:the_end
[20:43:33] [Server thread/INFO] (Minecraft) Saving chunks for level 'ServerLevel[world]'/minecraft:the_nether
[20:43:33] [Server thread/INFO] (Minecraft) ThreadedAnvilChunkStorage (world): All chunks are saved
[20:43:33] [Server thread/INFO] (Minecraft) ThreadedAnvilChunkStorage (DIM1): All chunks are saved
[20:43:33] [Server thread/INFO] (Minecraft) ThreadedAnvilChunkStorage (DIM-1): All chunks are saved
[20:43:33] [Server thread/INFO] (Minecraft) ThreadedAnvilChunkStorage: All dimensions are saved
SSA_S5_RECOVERY fixture=s5-after-append-before-fsync-ack boundary=after_append_before_fsync_ack first=ABORTED second=NO_ACTIVE_INTENT scheduled=true world=1ba9a355-6ca2-4319-b270-5008f5f9abf2 metadata=true exact=true
[20:43:33] [Server thread/INFO] (Minecraft) Stopping server
[20:43:33] [Server thread/INFO] (Minecraft) Saving players
[20:43:33] [Server thread/INFO] (Minecraft) Saving worlds
[20:43:33] [Server thread/INFO] (Minecraft) Saving chunks for level 'ServerLevel[world]'/minecraft:overworld
[20:43:33] [Server thread/INFO] (Minecraft) Saving chunks for level 'ServerLevel[world]'/minecraft:the_end
[20:43:33] [Server thread/INFO] (Minecraft) Saving chunks for level 'ServerLevel[world]'/minecraft:the_nether
[20:43:33] [Server thread/INFO] (Minecraft) ThreadedAnvilChunkStorage (world): All chunks are saved
[20:43:33] [Server thread/INFO] (Minecraft) ThreadedAnvilChunkStorage (DIM1): All chunks are saved
[20:43:33] [Server thread/INFO] (Minecraft) ThreadedAnvilChunkStorage (DIM-1): All chunks are saved
[20:43:33] [Server thread/INFO] (Minecraft) ThreadedAnvilChunkStorage: All dimensions are saved

BUILD SUCCESSFUL in 17s
14 actionable tasks: 3 executed, 11 up-to-date

CASE=s5-after-durable-prepared MODE=crash BOUNDARY=after_durable_prepared
STARTED=2026-08-13T20:43:34.2965948+07:00
FINISHED=2026-08-13T20:43:50.0396397+07:00
GRADLE_EXIT_CODE=1
TIMED_OUT=False
To honour the JVM settings for this build a single-use Daemon process will be forked. For more on this, please refer to https://docs.gradle.org/9.5.1/userguide/gradle_daemon.html#sec:disabling_the_daemon in the Gradle documentation.
Daemon will be stopped at the end of the build

> Configure project :platform-fabric
Fabric Loom: 1.17.19

> Task :construction-core:processResources NO-SOURCE
> Task :minecraft-common:processResources NO-SOURCE
> Task :platform-fabric:processResources UP-TO-DATE
> Task :architect-core:compileJava UP-TO-DATE
> Task :architect-core:processResources UP-TO-DATE
> Task :architect-core:classes UP-TO-DATE
> Task :platform-fabric:deleteGameTestRunDir
> Task :architect-core:jar UP-TO-DATE
> Task :platform-fabric:acceptGameTestEula
> Task :construction-core:compileJava UP-TO-DATE
> Task :construction-core:classes UP-TO-DATE
> Task :platform-fabric:generateLog4jConfig UP-TO-DATE
> Task :construction-core:jar UP-TO-DATE
> Task :minecraft-common:compileJava UP-TO-DATE
> Task :minecraft-common:classes UP-TO-DATE
> Task :platform-fabric:generateDLIConfig UP-TO-DATE
> Task :minecraft-common:jar UP-TO-DATE
> Task :platform-fabric:compileJava UP-TO-DATE
> Task :platform-fabric:classes UP-TO-DATE
> Task :platform-fabric:configureLaunch

> Task :platform-fabric:runServer
[20:43:41] [main/INFO] (FabricLoader/GameProvider) Loading Minecraft 26.2 with Fabric Loader 0.19.3
[20:43:41] [main/INFO] (FabricLoader/Mappings) Mappings not present!
[20:43:41] [main/INFO] (FabricLoader) Loading 43 mods:
	- fabric-api 0.154.2+26.2
	   |-- fabric-key-mapping-api-v1 2.0.5+e2bdee789e
	   |-- fabric-model-loading-api-v1 8.0.15+c80601bb9e
	   |-- fabric-renderer-api-v1 14.1.2+2b0d8a229e
	   |-- fabric-renderer-indigo 9.1.2+2b0d8a229e
	   |-- fabric-rendering-v1 25.3.1+6988455e9e
	   |-- fabric-screen-api-v1 5.1.0+48e3c0b09e
	   \-- fabric-sound-api-v1 2.0.5+11a26f319e
	- fabric-api-base 2.0.4+ece063239e
	- fabric-api-lookup-api-v1 2.0.17+11e1c9a39e
	- fabric-biome-api-v1 18.0.6+c7bd5b8e9e
	- fabric-block-api-v1 3.0.3+ec56b6019e
	- fabric-block-getter-api-v2 2.0.7+ec56b6019e
	- fabric-command-api-v2 3.1.0+00cb03469e
	- fabric-content-registries-v0 11.2.2+b7a678a99e
	- fabric-convention-tags-v2 4.7.0+1f023a9e9e
	- fabric-crash-report-info-v1 1.0.5+086d547a9e
	- fabric-creative-tab-api-v1 5.0.14+d871b99e9e
	- fabric-data-attachment-api-v1 2.2.17+aa0fd6fe9e
	- fabric-data-generation-api-v1 25.4.4+9e7dc27f9e
	- fabric-debug-api-v1 1.0.2+c792624d9e
	- fabric-dimensions-v1 5.1.9+9cbf5da59e
	- fabric-entity-events-v1 5.0.5+06488ac19e
	- fabric-events-interaction-v0 5.2.6+8f57f7ee9e
	- fabric-game-rule-api-v1 4.0.8+46a6d00c9e
	- fabric-gametest-api-v1 4.0.21+4a7fa0819e
	- fabric-item-api-v1 14.2.0+7aec7be39e
	- fabric-lifecycle-events-v1 4.1.3+4575b05f9e
	- fabric-loot-api-v3 3.0.17+06488ac19e
	- fabric-menu-api-v1 2.0.16+086d547a9e
	- fabric-message-api-v1 7.0.7+086d547a9e
	- fabric-networking-api-v1 6.3.3+72073ef09e
	- fabric-object-builder-api-v1 24.1.0+6fcd5f039e
	- fabric-particles-v1 5.0.18+d1756aa99e
	- fabric-permission-api-v1 1.0.3+b7020ca29e
	- fabric-recipe-api-v1 9.0.20+11e1c9a39e
	- fabric-registry-sync-v0 7.1.0+c7bd5b8e9e
	- fabric-rendering-fluids-v1 6.0.4+06488ac19e
	- fabric-resource-conditions-api-v1 6.1.0+10e9a28b9e
	- fabric-resource-loader-v0 3.3.20+4fc5413f9e
	- fabric-resource-loader-v1 2.0.13+9edec1269e
	- fabric-serialization-api-v1 2.0.4+11a26f319e
	- fabric-tag-api-v1 2.1.3+794df31d9e
	- fabric-transfer-api-v1 8.0.11+39b5a3929e
	- fabric-transitive-access-wideners-v1 8.1.4+67c847259e
	- fabricloader 0.19.3
	- java 25
	- minecraft 26.2
	- mixinextras 0.5.4
	- smart_survival_architect 0.1.0-SNAPSHOT
[20:43:41] [main/INFO] (FabricLoader/Mixin) SpongePowered MIXIN Subsystem Version=0.8.7 Source=file:/C:/Users/clone/.gradle/caches/modules-2/files-2.1/net.fabricmc/sponge-mixin/0.17.3+mixin.0.8.7/41c4a3984a80f4679e759fb9f495587acc5cdac7/sponge-mixin-0.17.3+mixin.0.8.7.jar Service=Knot/Fabric Env=SERVER
[20:43:41] [main/INFO] (FabricLoader/Mixin) Compatibility level set to JAVA_25
[20:43:42] [main/INFO] (FabricLoader/MixinExtras|Service) Initializing MixinExtras via com.llamalad7.mixinextras.service.MixinExtrasServiceImpl(version=0.5.4).
[20:43:47] [main/INFO] (smart_survival_architect) SSA_S1_COMMON_READY block=smart_survival_architect:spike_marker
[20:43:47] [main/INFO] (Minecraft) Environment: Environment[sessionHost=https://sessionserver.mojang.com, servicesHost=https://api.minecraftservices.com, profilesHost=https://api.mojang.com, name=PROD]
[20:43:48] [main/INFO] (Minecraft) Loaded 1585 recipes
[20:43:48] [main/INFO] (Minecraft) Loaded 1688 advancements
[20:43:48] [main/INFO] (BiomeModificationImpl) Applied 0 biome modifications to 0 of 66 new biomes in 1.750 ms
[20:43:48] [Server thread/INFO] (Minecraft) Starting minecraft server version 26.2
[20:43:48] [Server thread/INFO] (Minecraft) Loading properties
[20:43:48] [Server thread/INFO] (Minecraft) Default game type: SURVIVAL
[20:43:48] [Server thread/INFO] (Minecraft) Generating keypair
[20:43:48] [Server thread/INFO] (Minecraft) Starting Minecraft server on *:0
[20:43:48] [Server thread/INFO] (Minecraft) Preparing level "world"
[20:43:49] [Server thread/INFO] (Minecraft) Loading 0 persistent chunks...
[20:43:49] [Server thread/INFO] (Minecraft) Preparing spawn area: 100%
[20:43:49] [Server thread/INFO] (Minecraft) Time elapsed: 74 ms
[20:43:49] [Server thread/INFO] (Minecraft) Done (0.420s)! For help, type "help"
[20:43:49] [Server thread/INFO] (Minecraft) Saving chunks for level 'ServerLevel[world]'/minecraft:overworld
[20:43:49] [Server thread/INFO] (Minecraft) Saving chunks for level 'ServerLevel[world]'/minecraft:the_end
[20:43:49] [Server thread/INFO] (Minecraft) Saving chunks for level 'ServerLevel[world]'/minecraft:the_nether
[20:43:49] [Server thread/INFO] (Minecraft) ThreadedAnvilChunkStorage (world): All chunks are saved
[20:43:49] [Server thread/INFO] (Minecraft) ThreadedAnvilChunkStorage (DIM1): All chunks are saved
[20:43:49] [Server thread/INFO] (Minecraft) ThreadedAnvilChunkStorage (DIM-1): All chunks are saved
[20:43:49] [Server thread/INFO] (Minecraft) ThreadedAnvilChunkStorage: All dimensions are saved
SSA_S5_CRASH fixture=s5-after-durable-prepared boundary=after_durable_prepared exit=70

> Task :platform-fabric:runServer FAILED
14 actionable tasks: 3 executed, 11 up-to-date


FAILURE: Build failed with an exception.

* What went wrong:
Execution failed for task ':platform-fabric:runServer' (registered by plugin 'fabric-loom').
> Process 'command 'C:\Program Files\Eclipse Adoptium\jdk-25.0.4.7-hotspot\bin\java.exe'' finished with non-zero exit value 70

* Try:
> Run with --stacktrace option to get the stack trace.
> Run with --info or --debug option to get more log output.
> Run with --scan to get full insights from a Build Scan (powered by Develocity).
> Get more help at https://help.gradle.org.

BUILD FAILED in 15s

CASE=s5-after-durable-prepared MODE=recover BOUNDARY=after_durable_prepared
STARTED=2026-08-13T20:43:50.0406419+07:00
FINISHED=2026-08-13T20:44:06.0257264+07:00
GRADLE_EXIT_CODE=0
TIMED_OUT=False
To honour the JVM settings for this build a single-use Daemon process will be forked. For more on this, please refer to https://docs.gradle.org/9.5.1/userguide/gradle_daemon.html#sec:disabling_the_daemon in the Gradle documentation.
Daemon will be stopped at the end of the build

> Configure project :platform-fabric
Fabric Loom: 1.17.19

> Task :construction-core:processResources NO-SOURCE
> Task :minecraft-common:processResources NO-SOURCE
> Task :platform-fabric:processResources UP-TO-DATE
> Task :architect-core:compileJava UP-TO-DATE
> Task :platform-fabric:deleteGameTestRunDir
> Task :architect-core:processResources UP-TO-DATE
> Task :architect-core:classes UP-TO-DATE
> Task :architect-core:jar UP-TO-DATE
> Task :platform-fabric:acceptGameTestEula
> Task :construction-core:compileJava UP-TO-DATE
> Task :platform-fabric:generateLog4jConfig UP-TO-DATE
> Task :construction-core:classes UP-TO-DATE
> Task :construction-core:jar UP-TO-DATE
> Task :minecraft-common:compileJava UP-TO-DATE
> Task :platform-fabric:generateDLIConfig UP-TO-DATE
> Task :platform-fabric:configureLaunch
> Task :minecraft-common:classes UP-TO-DATE
> Task :minecraft-common:jar UP-TO-DATE
> Task :platform-fabric:compileJava UP-TO-DATE
> Task :platform-fabric:classes UP-TO-DATE

> Task :platform-fabric:runServer
[20:43:57] [main/INFO] (FabricLoader/GameProvider) Loading Minecraft 26.2 with Fabric Loader 0.19.3
[20:43:57] [main/INFO] (FabricLoader/Mappings) Mappings not present!
[20:43:57] [main/INFO] (FabricLoader) Loading 43 mods:
	- fabric-api 0.154.2+26.2
	   |-- fabric-key-mapping-api-v1 2.0.5+e2bdee789e
	   |-- fabric-model-loading-api-v1 8.0.15+c80601bb9e
	   |-- fabric-renderer-api-v1 14.1.2+2b0d8a229e
	   |-- fabric-renderer-indigo 9.1.2+2b0d8a229e
	   |-- fabric-rendering-v1 25.3.1+6988455e9e
	   |-- fabric-screen-api-v1 5.1.0+48e3c0b09e
	   \-- fabric-sound-api-v1 2.0.5+11a26f319e
	- fabric-api-base 2.0.4+ece063239e
	- fabric-api-lookup-api-v1 2.0.17+11e1c9a39e
	- fabric-biome-api-v1 18.0.6+c7bd5b8e9e
	- fabric-block-api-v1 3.0.3+ec56b6019e
	- fabric-block-getter-api-v2 2.0.7+ec56b6019e
	- fabric-command-api-v2 3.1.0+00cb03469e
	- fabric-content-registries-v0 11.2.2+b7a678a99e
	- fabric-convention-tags-v2 4.7.0+1f023a9e9e
	- fabric-crash-report-info-v1 1.0.5+086d547a9e
	- fabric-creative-tab-api-v1 5.0.14+d871b99e9e
	- fabric-data-attachment-api-v1 2.2.17+aa0fd6fe9e
	- fabric-data-generation-api-v1 25.4.4+9e7dc27f9e
	- fabric-debug-api-v1 1.0.2+c792624d9e
	- fabric-dimensions-v1 5.1.9+9cbf5da59e
	- fabric-entity-events-v1 5.0.5+06488ac19e
	- fabric-events-interaction-v0 5.2.6+8f57f7ee9e
	- fabric-game-rule-api-v1 4.0.8+46a6d00c9e
	- fabric-gametest-api-v1 4.0.21+4a7fa0819e
	- fabric-item-api-v1 14.2.0+7aec7be39e
	- fabric-lifecycle-events-v1 4.1.3+4575b05f9e
	- fabric-loot-api-v3 3.0.17+06488ac19e
	- fabric-menu-api-v1 2.0.16+086d547a9e
	- fabric-message-api-v1 7.0.7+086d547a9e
	- fabric-networking-api-v1 6.3.3+72073ef09e
	- fabric-object-builder-api-v1 24.1.0+6fcd5f039e
	- fabric-particles-v1 5.0.18+d1756aa99e
	- fabric-permission-api-v1 1.0.3+b7020ca29e
	- fabric-recipe-api-v1 9.0.20+11e1c9a39e
	- fabric-registry-sync-v0 7.1.0+c7bd5b8e9e
	- fabric-rendering-fluids-v1 6.0.4+06488ac19e
	- fabric-resource-conditions-api-v1 6.1.0+10e9a28b9e
	- fabric-resource-loader-v0 3.3.20+4fc5413f9e
	- fabric-resource-loader-v1 2.0.13+9edec1269e
	- fabric-serialization-api-v1 2.0.4+11a26f319e
	- fabric-tag-api-v1 2.1.3+794df31d9e
	- fabric-transfer-api-v1 8.0.11+39b5a3929e
	- fabric-transitive-access-wideners-v1 8.1.4+67c847259e
	- fabricloader 0.19.3
	- java 25
	- minecraft 26.2
	- mixinextras 0.5.4
	- smart_survival_architect 0.1.0-SNAPSHOT
[20:43:57] [main/INFO] (FabricLoader/Mixin) SpongePowered MIXIN Subsystem Version=0.8.7 Source=file:/C:/Users/clone/.gradle/caches/modules-2/files-2.1/net.fabricmc/sponge-mixin/0.17.3+mixin.0.8.7/41c4a3984a80f4679e759fb9f495587acc5cdac7/sponge-mixin-0.17.3+mixin.0.8.7.jar Service=Knot/Fabric Env=SERVER
[20:43:57] [main/INFO] (FabricLoader/Mixin) Compatibility level set to JAVA_25
[20:43:57] [main/INFO] (FabricLoader/MixinExtras|Service) Initializing MixinExtras via com.llamalad7.mixinextras.service.MixinExtrasServiceImpl(version=0.5.4).
[20:44:02] [main/INFO] (smart_survival_architect) SSA_S1_COMMON_READY block=smart_survival_architect:spike_marker
[20:44:03] [main/INFO] (Minecraft) Environment: Environment[sessionHost=https://sessionserver.mojang.com, servicesHost=https://api.minecraftservices.com, profilesHost=https://api.mojang.com, name=PROD]
[20:44:04] [main/INFO] (Minecraft) Loaded 1585 recipes
[20:44:04] [main/INFO] (Minecraft) Loaded 1688 advancements
[20:44:04] [main/INFO] (BiomeModificationImpl) Applied 0 biome modifications to 0 of 66 new biomes in 1.411 ms
[20:44:04] [Server thread/INFO] (Minecraft) Starting minecraft server version 26.2
[20:44:04] [Server thread/INFO] (Minecraft) Loading properties
[20:44:04] [Server thread/INFO] (Minecraft) Default game type: SURVIVAL
[20:44:04] [Server thread/INFO] (Minecraft) Generating keypair
[20:44:04] [Server thread/INFO] (Minecraft) Starting Minecraft server on *:0
[20:44:04] [Server thread/INFO] (Minecraft) Preparing level "world"
[20:44:05] [Server thread/INFO] (Minecraft) Loading 0 persistent chunks...
[20:44:05] [Server thread/INFO] (Minecraft) Preparing spawn area: 100%
[20:44:05] [Server thread/INFO] (Minecraft) Time elapsed: 60 ms
[20:44:05] [Server thread/INFO] (Minecraft) Done (0.358s)! For help, type "help"
[20:44:05] [Server thread/INFO] (Minecraft) Saving chunks for level 'ServerLevel[world]'/minecraft:overworld
[20:44:05] [Server thread/INFO] (Minecraft) Saving chunks for level 'ServerLevel[world]'/minecraft:the_end
[20:44:05] [Server thread/INFO] (Minecraft) Saving chunks for level 'ServerLevel[world]'/minecraft:the_nether
[20:44:05] [Server thread/INFO] (Minecraft) ThreadedAnvilChunkStorage (world): All chunks are saved
[20:44:05] [Server thread/INFO] (Minecraft) ThreadedAnvilChunkStorage (DIM1): All chunks are saved
[20:44:05] [Server thread/INFO] (Minecraft) ThreadedAnvilChunkStorage (DIM-1): All chunks are saved
[20:44:05] [Server thread/INFO] (Minecraft) ThreadedAnvilChunkStorage: All dimensions are saved
SSA_S5_RECOVERY fixture=s5-after-durable-prepared boundary=after_durable_prepared first=ABORTED second=NO_ACTIVE_INTENT scheduled=true world=1ba9a355-6ca2-4319-b270-5008f5f9abf2 metadata=true exact=true
[20:44:05] [Server thread/INFO] (Minecraft) Stopping server
[20:44:05] [Server thread/INFO] (Minecraft) Saving players
[20:44:05] [Server thread/INFO] (Minecraft) Saving worlds
[20:44:05] [Server thread/INFO] (Minecraft) Saving chunks for level 'ServerLevel[world]'/minecraft:overworld
[20:44:05] [Server thread/INFO] (Minecraft) Saving chunks for level 'ServerLevel[world]'/minecraft:the_end
[20:44:05] [Server thread/INFO] (Minecraft) Saving chunks for level 'ServerLevel[world]'/minecraft:the_nether
[20:44:05] [Server thread/INFO] (Minecraft) ThreadedAnvilChunkStorage (world): All chunks are saved
[20:44:05] [Server thread/INFO] (Minecraft) ThreadedAnvilChunkStorage (DIM1): All chunks are saved
[20:44:05] [Server thread/INFO] (Minecraft) ThreadedAnvilChunkStorage (DIM-1): All chunks are saved
[20:44:05] [Server thread/INFO] (Minecraft) ThreadedAnvilChunkStorage: All dimensions are saved

BUILD SUCCESSFUL in 15s
14 actionable tasks: 3 executed, 11 up-to-date

CASE=s5-after-delta-1 MODE=crash BOUNDARY=after_delta_1
STARTED=2026-08-13T20:44:06.0447611+07:00
FINISHED=2026-08-13T20:44:22.0515073+07:00
GRADLE_EXIT_CODE=1
TIMED_OUT=False
To honour the JVM settings for this build a single-use Daemon process will be forked. For more on this, please refer to https://docs.gradle.org/9.5.1/userguide/gradle_daemon.html#sec:disabling_the_daemon in the Gradle documentation.
Daemon will be stopped at the end of the build

> Configure project :platform-fabric
Fabric Loom: 1.17.19

> Task :minecraft-common:processResources NO-SOURCE
> Task :construction-core:processResources NO-SOURCE
> Task :platform-fabric:processResources UP-TO-DATE
> Task :architect-core:compileJava UP-TO-DATE
> Task :platform-fabric:deleteGameTestRunDir
> Task :architect-core:processResources UP-TO-DATE
> Task :architect-core:classes UP-TO-DATE
> Task :architect-core:jar UP-TO-DATE
> Task :platform-fabric:acceptGameTestEula
> Task :platform-fabric:generateLog4jConfig UP-TO-DATE
> Task :construction-core:compileJava UP-TO-DATE
> Task :construction-core:classes UP-TO-DATE
> Task :construction-core:jar UP-TO-DATE
> Task :platform-fabric:generateDLIConfig UP-TO-DATE
> Task :platform-fabric:configureLaunch
> Task :minecraft-common:compileJava UP-TO-DATE
> Task :minecraft-common:classes UP-TO-DATE
> Task :minecraft-common:jar UP-TO-DATE
> Task :platform-fabric:compileJava UP-TO-DATE
> Task :platform-fabric:classes UP-TO-DATE

> Task :platform-fabric:runServer
[20:44:13] [main/INFO] (FabricLoader/GameProvider) Loading Minecraft 26.2 with Fabric Loader 0.19.3
[20:44:13] [main/INFO] (FabricLoader/Mappings) Mappings not present!
[20:44:13] [main/INFO] (FabricLoader) Loading 43 mods:
	- fabric-api 0.154.2+26.2
	   |-- fabric-key-mapping-api-v1 2.0.5+e2bdee789e
	   |-- fabric-model-loading-api-v1 8.0.15+c80601bb9e
	   |-- fabric-renderer-api-v1 14.1.2+2b0d8a229e
	   |-- fabric-renderer-indigo 9.1.2+2b0d8a229e
	   |-- fabric-rendering-v1 25.3.1+6988455e9e
	   |-- fabric-screen-api-v1 5.1.0+48e3c0b09e
	   \-- fabric-sound-api-v1 2.0.5+11a26f319e
	- fabric-api-base 2.0.4+ece063239e
	- fabric-api-lookup-api-v1 2.0.17+11e1c9a39e
	- fabric-biome-api-v1 18.0.6+c7bd5b8e9e
	- fabric-block-api-v1 3.0.3+ec56b6019e
	- fabric-block-getter-api-v2 2.0.7+ec56b6019e
	- fabric-command-api-v2 3.1.0+00cb03469e
	- fabric-content-registries-v0 11.2.2+b7a678a99e
	- fabric-convention-tags-v2 4.7.0+1f023a9e9e
	- fabric-crash-report-info-v1 1.0.5+086d547a9e
	- fabric-creative-tab-api-v1 5.0.14+d871b99e9e
	- fabric-data-attachment-api-v1 2.2.17+aa0fd6fe9e
	- fabric-data-generation-api-v1 25.4.4+9e7dc27f9e
	- fabric-debug-api-v1 1.0.2+c792624d9e
	- fabric-dimensions-v1 5.1.9+9cbf5da59e
	- fabric-entity-events-v1 5.0.5+06488ac19e
	- fabric-events-interaction-v0 5.2.6+8f57f7ee9e
	- fabric-game-rule-api-v1 4.0.8+46a6d00c9e
	- fabric-gametest-api-v1 4.0.21+4a7fa0819e
	- fabric-item-api-v1 14.2.0+7aec7be39e
	- fabric-lifecycle-events-v1 4.1.3+4575b05f9e
	- fabric-loot-api-v3 3.0.17+06488ac19e
	- fabric-menu-api-v1 2.0.16+086d547a9e
	- fabric-message-api-v1 7.0.7+086d547a9e
	- fabric-networking-api-v1 6.3.3+72073ef09e
	- fabric-object-builder-api-v1 24.1.0+6fcd5f039e
	- fabric-particles-v1 5.0.18+d1756aa99e
	- fabric-permission-api-v1 1.0.3+b7020ca29e
	- fabric-recipe-api-v1 9.0.20+11e1c9a39e
	- fabric-registry-sync-v0 7.1.0+c7bd5b8e9e
	- fabric-rendering-fluids-v1 6.0.4+06488ac19e
	- fabric-resource-conditions-api-v1 6.1.0+10e9a28b9e
	- fabric-resource-loader-v0 3.3.20+4fc5413f9e
	- fabric-resource-loader-v1 2.0.13+9edec1269e
	- fabric-serialization-api-v1 2.0.4+11a26f319e
	- fabric-tag-api-v1 2.1.3+794df31d9e
	- fabric-transfer-api-v1 8.0.11+39b5a3929e
	- fabric-transitive-access-wideners-v1 8.1.4+67c847259e
	- fabricloader 0.19.3
	- java 25
	- minecraft 26.2
	- mixinextras 0.5.4
	- smart_survival_architect 0.1.0-SNAPSHOT
[20:44:13] [main/INFO] (FabricLoader/Mixin) SpongePowered MIXIN Subsystem Version=0.8.7 Source=file:/C:/Users/clone/.gradle/caches/modules-2/files-2.1/net.fabricmc/sponge-mixin/0.17.3+mixin.0.8.7/41c4a3984a80f4679e759fb9f495587acc5cdac7/sponge-mixin-0.17.3+mixin.0.8.7.jar Service=Knot/Fabric Env=SERVER
[20:44:13] [main/INFO] (FabricLoader/Mixin) Compatibility level set to JAVA_25
[20:44:14] [main/INFO] (FabricLoader/MixinExtras|Service) Initializing MixinExtras via com.llamalad7.mixinextras.service.MixinExtrasServiceImpl(version=0.5.4).
[20:44:19] [main/INFO] (smart_survival_architect) SSA_S1_COMMON_READY block=smart_survival_architect:spike_marker
[20:44:19] [main/INFO] (Minecraft) Environment: Environment[sessionHost=https://sessionserver.mojang.com, servicesHost=https://api.minecraftservices.com, profilesHost=https://api.mojang.com, name=PROD]
[20:44:20] [main/INFO] (Minecraft) Loaded 1585 recipes
[20:44:20] [main/INFO] (Minecraft) Loaded 1688 advancements
[20:44:20] [main/INFO] (BiomeModificationImpl) Applied 0 biome modifications to 0 of 66 new biomes in 1.740 ms
[20:44:20] [Server thread/INFO] (Minecraft) Starting minecraft server version 26.2
[20:44:20] [Server thread/INFO] (Minecraft) Loading properties
[20:44:20] [Server thread/INFO] (Minecraft) Default game type: SURVIVAL
[20:44:20] [Server thread/INFO] (Minecraft) Generating keypair
[20:44:20] [Server thread/INFO] (Minecraft) Starting Minecraft server on *:0
[20:44:21] [Server thread/INFO] (Minecraft) Preparing level "world"
[20:44:21] [Server thread/INFO] (Minecraft) Loading 0 persistent chunks...
[20:44:21] [Server thread/INFO] (Minecraft) Preparing spawn area: 100%
[20:44:21] [Server thread/INFO] (Minecraft) Time elapsed: 65 ms
[20:44:21] [Server thread/INFO] (Minecraft) Done (0.360s)! For help, type "help"
[20:44:21] [Server thread/INFO] (Minecraft) Saving chunks for level 'ServerLevel[world]'/minecraft:overworld
[20:44:21] [Server thread/INFO] (Minecraft) Saving chunks for level 'ServerLevel[world]'/minecraft:the_end
[20:44:21] [Server thread/INFO] (Minecraft) Saving chunks for level 'ServerLevel[world]'/minecraft:the_nether
[20:44:21] [Server thread/INFO] (Minecraft) ThreadedAnvilChunkStorage (world): All chunks are saved
[20:44:21] [Server thread/INFO] (Minecraft) ThreadedAnvilChunkStorage (DIM1): All chunks are saved
[20:44:21] [Server thread/INFO] (Minecraft) ThreadedAnvilChunkStorage (DIM-1): All chunks are saved
[20:44:21] [Server thread/INFO] (Minecraft) ThreadedAnvilChunkStorage: All dimensions are saved
SSA_S5_CRASH fixture=s5-after-delta-1 boundary=after_delta_1 exit=70

> Task :platform-fabric:runServer FAILED
14 actionable tasks: 3 executed, 11 up-to-date


FAILURE: Build failed with an exception.

* What went wrong:
Execution failed for task ':platform-fabric:runServer' (registered by plugin 'fabric-loom').
> Process 'command 'C:\Program Files\Eclipse Adoptium\jdk-25.0.4.7-hotspot\bin\java.exe'' finished with non-zero exit value 70

* Try:
> Run with --stacktrace option to get the stack trace.
> Run with --info or --debug option to get more log output.
> Run with --scan to get full insights from a Build Scan (powered by Develocity).
> Get more help at https://help.gradle.org.

BUILD FAILED in 15s

CASE=s5-after-delta-1 MODE=recover BOUNDARY=after_delta_1
STARTED=2026-08-13T20:44:22.0525090+07:00
FINISHED=2026-08-13T20:44:37.6475486+07:00
GRADLE_EXIT_CODE=0
TIMED_OUT=False
To honour the JVM settings for this build a single-use Daemon process will be forked. For more on this, please refer to https://docs.gradle.org/9.5.1/userguide/gradle_daemon.html#sec:disabling_the_daemon in the Gradle documentation.
Daemon will be stopped at the end of the build

> Configure project :platform-fabric
Fabric Loom: 1.17.19

> Task :construction-core:processResources NO-SOURCE
> Task :minecraft-common:processResources NO-SOURCE
> Task :platform-fabric:processResources UP-TO-DATE
> Task :architect-core:compileJava UP-TO-DATE
> Task :platform-fabric:deleteGameTestRunDir
> Task :architect-core:processResources UP-TO-DATE
> Task :architect-core:classes UP-TO-DATE
> Task :architect-core:jar UP-TO-DATE
> Task :platform-fabric:acceptGameTestEula
> Task :construction-core:compileJava UP-TO-DATE
> Task :construction-core:classes UP-TO-DATE
> Task :platform-fabric:generateLog4jConfig UP-TO-DATE
> Task :construction-core:jar UP-TO-DATE
> Task :minecraft-common:compileJava UP-TO-DATE
> Task :platform-fabric:generateDLIConfig UP-TO-DATE
> Task :platform-fabric:configureLaunch
> Task :minecraft-common:classes UP-TO-DATE
> Task :minecraft-common:jar UP-TO-DATE
> Task :platform-fabric:compileJava UP-TO-DATE
> Task :platform-fabric:classes UP-TO-DATE

> Task :platform-fabric:runServer
[20:44:28] [main/INFO] (FabricLoader/GameProvider) Loading Minecraft 26.2 with Fabric Loader 0.19.3
[20:44:28] [main/INFO] (FabricLoader/Mappings) Mappings not present!
[20:44:29] [main/INFO] (FabricLoader) Loading 43 mods:
	- fabric-api 0.154.2+26.2
	   |-- fabric-key-mapping-api-v1 2.0.5+e2bdee789e
	   |-- fabric-model-loading-api-v1 8.0.15+c80601bb9e
	   |-- fabric-renderer-api-v1 14.1.2+2b0d8a229e
	   |-- fabric-renderer-indigo 9.1.2+2b0d8a229e
	   |-- fabric-rendering-v1 25.3.1+6988455e9e
	   |-- fabric-screen-api-v1 5.1.0+48e3c0b09e
	   \-- fabric-sound-api-v1 2.0.5+11a26f319e
	- fabric-api-base 2.0.4+ece063239e
	- fabric-api-lookup-api-v1 2.0.17+11e1c9a39e
	- fabric-biome-api-v1 18.0.6+c7bd5b8e9e
	- fabric-block-api-v1 3.0.3+ec56b6019e
	- fabric-block-getter-api-v2 2.0.7+ec56b6019e
	- fabric-command-api-v2 3.1.0+00cb03469e
	- fabric-content-registries-v0 11.2.2+b7a678a99e
	- fabric-convention-tags-v2 4.7.0+1f023a9e9e
	- fabric-crash-report-info-v1 1.0.5+086d547a9e
	- fabric-creative-tab-api-v1 5.0.14+d871b99e9e
	- fabric-data-attachment-api-v1 2.2.17+aa0fd6fe9e
	- fabric-data-generation-api-v1 25.4.4+9e7dc27f9e
	- fabric-debug-api-v1 1.0.2+c792624d9e
	- fabric-dimensions-v1 5.1.9+9cbf5da59e
	- fabric-entity-events-v1 5.0.5+06488ac19e
	- fabric-events-interaction-v0 5.2.6+8f57f7ee9e
	- fabric-game-rule-api-v1 4.0.8+46a6d00c9e
	- fabric-gametest-api-v1 4.0.21+4a7fa0819e
	- fabric-item-api-v1 14.2.0+7aec7be39e
	- fabric-lifecycle-events-v1 4.1.3+4575b05f9e
	- fabric-loot-api-v3 3.0.17+06488ac19e
	- fabric-menu-api-v1 2.0.16+086d547a9e
	- fabric-message-api-v1 7.0.7+086d547a9e
	- fabric-networking-api-v1 6.3.3+72073ef09e
	- fabric-object-builder-api-v1 24.1.0+6fcd5f039e
	- fabric-particles-v1 5.0.18+d1756aa99e
	- fabric-permission-api-v1 1.0.3+b7020ca29e
	- fabric-recipe-api-v1 9.0.20+11e1c9a39e
	- fabric-registry-sync-v0 7.1.0+c7bd5b8e9e
	- fabric-rendering-fluids-v1 6.0.4+06488ac19e
	- fabric-resource-conditions-api-v1 6.1.0+10e9a28b9e
	- fabric-resource-loader-v0 3.3.20+4fc5413f9e
	- fabric-resource-loader-v1 2.0.13+9edec1269e
	- fabric-serialization-api-v1 2.0.4+11a26f319e
	- fabric-tag-api-v1 2.1.3+794df31d9e
	- fabric-transfer-api-v1 8.0.11+39b5a3929e
	- fabric-transitive-access-wideners-v1 8.1.4+67c847259e
	- fabricloader 0.19.3
	- java 25
	- minecraft 26.2
	- mixinextras 0.5.4
	- smart_survival_architect 0.1.0-SNAPSHOT
[20:44:29] [main/INFO] (FabricLoader/Mixin) SpongePowered MIXIN Subsystem Version=0.8.7 Source=file:/C:/Users/clone/.gradle/caches/modules-2/files-2.1/net.fabricmc/sponge-mixin/0.17.3+mixin.0.8.7/41c4a3984a80f4679e759fb9f495587acc5cdac7/sponge-mixin-0.17.3+mixin.0.8.7.jar Service=Knot/Fabric Env=SERVER
[20:44:29] [main/INFO] (FabricLoader/Mixin) Compatibility level set to JAVA_25
[20:44:29] [main/INFO] (FabricLoader/MixinExtras|Service) Initializing MixinExtras via com.llamalad7.mixinextras.service.MixinExtrasServiceImpl(version=0.5.4).
[20:44:34] [main/INFO] (smart_survival_architect) SSA_S1_COMMON_READY block=smart_survival_architect:spike_marker
[20:44:34] [main/INFO] (Minecraft) Environment: Environment[sessionHost=https://sessionserver.mojang.com, servicesHost=https://api.minecraftservices.com, profilesHost=https://api.mojang.com, name=PROD]
[20:44:35] [main/INFO] (Minecraft) Loaded 1585 recipes
[20:44:35] [main/INFO] (Minecraft) Loaded 1688 advancements
[20:44:36] [main/INFO] (BiomeModificationImpl) Applied 0 biome modifications to 0 of 66 new biomes in 1.220 ms
[20:44:36] [Server thread/INFO] (Minecraft) Starting minecraft server version 26.2
[20:44:36] [Server thread/INFO] (Minecraft) Loading properties
[20:44:36] [Server thread/INFO] (Minecraft) Default game type: SURVIVAL
[20:44:36] [Server thread/INFO] (Minecraft) Generating keypair
[20:44:36] [Server thread/INFO] (Minecraft) Starting Minecraft server on *:0
[20:44:36] [Server thread/INFO] (Minecraft) Preparing level "world"
[20:44:36] [Server thread/INFO] (Minecraft) Loading 0 persistent chunks...
[20:44:36] [Server thread/INFO] (Minecraft) Preparing spawn area: 100%
[20:44:36] [Server thread/INFO] (Minecraft) Time elapsed: 65 ms
[20:44:36] [Server thread/INFO] (Minecraft) Done (0.361s)! For help, type "help"
[20:44:36] [Server thread/INFO] (Minecraft) Saving chunks for level 'ServerLevel[world]'/minecraft:overworld
[20:44:36] [Server thread/INFO] (Minecraft) Saving chunks for level 'ServerLevel[world]'/minecraft:the_end
[20:44:36] [Server thread/INFO] (Minecraft) Saving chunks for level 'ServerLevel[world]'/minecraft:the_nether
[20:44:36] [Server thread/INFO] (Minecraft) ThreadedAnvilChunkStorage (world): All chunks are saved
[20:44:36] [Server thread/INFO] (Minecraft) ThreadedAnvilChunkStorage (DIM1): All chunks are saved
[20:44:36] [Server thread/INFO] (Minecraft) ThreadedAnvilChunkStorage (DIM-1): All chunks are saved
[20:44:36] [Server thread/INFO] (Minecraft) ThreadedAnvilChunkStorage: All dimensions are saved
SSA_S5_RECOVERY fixture=s5-after-delta-1 boundary=after_delta_1 first=COMMITTED second=NO_ACTIVE_INTENT scheduled=true world=1ba9a355-6ca2-4319-b270-5008f5f9abf2 metadata=true exact=true
[20:44:37] [Server thread/INFO] (Minecraft) Stopping server
[20:44:37] [Server thread/INFO] (Minecraft) Saving players
[20:44:37] [Server thread/INFO] (Minecraft) Saving worlds
[20:44:37] [Server thread/INFO] (Minecraft) Saving chunks for level 'ServerLevel[world]'/minecraft:overworld
[20:44:37] [Server thread/INFO] (Minecraft) Saving chunks for level 'ServerLevel[world]'/minecraft:the_end
[20:44:37] [Server thread/INFO] (Minecraft) Saving chunks for level 'ServerLevel[world]'/minecraft:the_nether
[20:44:37] [Server thread/INFO] (Minecraft) ThreadedAnvilChunkStorage (world): All chunks are saved
[20:44:37] [Server thread/INFO] (Minecraft) ThreadedAnvilChunkStorage (DIM1): All chunks are saved
[20:44:37] [Server thread/INFO] (Minecraft) ThreadedAnvilChunkStorage (DIM-1): All chunks are saved
[20:44:37] [Server thread/INFO] (Minecraft) ThreadedAnvilChunkStorage: All dimensions are saved

BUILD SUCCESSFUL in 15s
14 actionable tasks: 3 executed, 11 up-to-date

CASE=s5-after-delta-2 MODE=crash BOUNDARY=after_delta_2
STARTED=2026-08-13T20:44:37.6698627+07:00
FINISHED=2026-08-13T20:44:54.1919349+07:00
GRADLE_EXIT_CODE=1
TIMED_OUT=False
To honour the JVM settings for this build a single-use Daemon process will be forked. For more on this, please refer to https://docs.gradle.org/9.5.1/userguide/gradle_daemon.html#sec:disabling_the_daemon in the Gradle documentation.
Daemon will be stopped at the end of the build

> Configure project :platform-fabric
Fabric Loom: 1.17.19

> Task :minecraft-common:processResources NO-SOURCE
> Task :construction-core:processResources NO-SOURCE
> Task :platform-fabric:processResources UP-TO-DATE
> Task :architect-core:compileJava UP-TO-DATE
> Task :platform-fabric:deleteGameTestRunDir
> Task :architect-core:processResources UP-TO-DATE
> Task :architect-core:classes UP-TO-DATE
> Task :architect-core:jar UP-TO-DATE
> Task :platform-fabric:acceptGameTestEula
> Task :construction-core:compileJava UP-TO-DATE
> Task :construction-core:classes UP-TO-DATE
> Task :platform-fabric:generateLog4jConfig UP-TO-DATE
> Task :construction-core:jar UP-TO-DATE
> Task :minecraft-common:compileJava UP-TO-DATE
> Task :platform-fabric:generateDLIConfig UP-TO-DATE
> Task :minecraft-common:classes UP-TO-DATE
> Task :minecraft-common:jar UP-TO-DATE
> Task :platform-fabric:compileJava UP-TO-DATE
> Task :platform-fabric:classes UP-TO-DATE
> Task :platform-fabric:configureLaunch

> Task :platform-fabric:runServer
[20:44:44] [main/INFO] (FabricLoader/GameProvider) Loading Minecraft 26.2 with Fabric Loader 0.19.3
[20:44:44] [main/INFO] (FabricLoader/Mappings) Mappings not present!
[20:44:44] [main/INFO] (FabricLoader) Loading 43 mods:
	- fabric-api 0.154.2+26.2
	   |-- fabric-key-mapping-api-v1 2.0.5+e2bdee789e
	   |-- fabric-model-loading-api-v1 8.0.15+c80601bb9e
	   |-- fabric-renderer-api-v1 14.1.2+2b0d8a229e
	   |-- fabric-renderer-indigo 9.1.2+2b0d8a229e
	   |-- fabric-rendering-v1 25.3.1+6988455e9e
	   |-- fabric-screen-api-v1 5.1.0+48e3c0b09e
	   \-- fabric-sound-api-v1 2.0.5+11a26f319e
	- fabric-api-base 2.0.4+ece063239e
	- fabric-api-lookup-api-v1 2.0.17+11e1c9a39e
	- fabric-biome-api-v1 18.0.6+c7bd5b8e9e
	- fabric-block-api-v1 3.0.3+ec56b6019e
	- fabric-block-getter-api-v2 2.0.7+ec56b6019e
	- fabric-command-api-v2 3.1.0+00cb03469e
	- fabric-content-registries-v0 11.2.2+b7a678a99e
	- fabric-convention-tags-v2 4.7.0+1f023a9e9e
	- fabric-crash-report-info-v1 1.0.5+086d547a9e
	- fabric-creative-tab-api-v1 5.0.14+d871b99e9e
	- fabric-data-attachment-api-v1 2.2.17+aa0fd6fe9e
	- fabric-data-generation-api-v1 25.4.4+9e7dc27f9e
	- fabric-debug-api-v1 1.0.2+c792624d9e
	- fabric-dimensions-v1 5.1.9+9cbf5da59e
	- fabric-entity-events-v1 5.0.5+06488ac19e
	- fabric-events-interaction-v0 5.2.6+8f57f7ee9e
	- fabric-game-rule-api-v1 4.0.8+46a6d00c9e
	- fabric-gametest-api-v1 4.0.21+4a7fa0819e
	- fabric-item-api-v1 14.2.0+7aec7be39e
	- fabric-lifecycle-events-v1 4.1.3+4575b05f9e
	- fabric-loot-api-v3 3.0.17+06488ac19e
	- fabric-menu-api-v1 2.0.16+086d547a9e
	- fabric-message-api-v1 7.0.7+086d547a9e
	- fabric-networking-api-v1 6.3.3+72073ef09e
	- fabric-object-builder-api-v1 24.1.0+6fcd5f039e
	- fabric-particles-v1 5.0.18+d1756aa99e
	- fabric-permission-api-v1 1.0.3+b7020ca29e
	- fabric-recipe-api-v1 9.0.20+11e1c9a39e
	- fabric-registry-sync-v0 7.1.0+c7bd5b8e9e
	- fabric-rendering-fluids-v1 6.0.4+06488ac19e
	- fabric-resource-conditions-api-v1 6.1.0+10e9a28b9e
	- fabric-resource-loader-v0 3.3.20+4fc5413f9e
	- fabric-resource-loader-v1 2.0.13+9edec1269e
	- fabric-serialization-api-v1 2.0.4+11a26f319e
	- fabric-tag-api-v1 2.1.3+794df31d9e
	- fabric-transfer-api-v1 8.0.11+39b5a3929e
	- fabric-transitive-access-wideners-v1 8.1.4+67c847259e
	- fabricloader 0.19.3
	- java 25
	- minecraft 26.2
	- mixinextras 0.5.4
	- smart_survival_architect 0.1.0-SNAPSHOT
[20:44:45] [main/INFO] (FabricLoader/Mixin) SpongePowered MIXIN Subsystem Version=0.8.7 Source=file:/C:/Users/clone/.gradle/caches/modules-2/files-2.1/net.fabricmc/sponge-mixin/0.17.3+mixin.0.8.7/41c4a3984a80f4679e759fb9f495587acc5cdac7/sponge-mixin-0.17.3+mixin.0.8.7.jar Service=Knot/Fabric Env=SERVER
[20:44:45] [main/INFO] (FabricLoader/Mixin) Compatibility level set to JAVA_25
[20:44:45] [main/INFO] (FabricLoader/MixinExtras|Service) Initializing MixinExtras via com.llamalad7.mixinextras.service.MixinExtrasServiceImpl(version=0.5.4).
[20:44:50] [main/INFO] (smart_survival_architect) SSA_S1_COMMON_READY block=smart_survival_architect:spike_marker
[20:44:51] [main/INFO] (Minecraft) Environment: Environment[sessionHost=https://sessionserver.mojang.com, servicesHost=https://api.minecraftservices.com, profilesHost=https://api.mojang.com, name=PROD]
[20:44:52] [main/INFO] (Minecraft) Loaded 1585 recipes
[20:44:52] [main/INFO] (Minecraft) Loaded 1688 advancements
[20:44:52] [main/INFO] (BiomeModificationImpl) Applied 0 biome modifications to 0 of 66 new biomes in 1.154 ms
[20:44:52] [Server thread/INFO] (Minecraft) Starting minecraft server version 26.2
[20:44:52] [Server thread/INFO] (Minecraft) Loading properties
[20:44:52] [Server thread/INFO] (Minecraft) Default game type: SURVIVAL
[20:44:52] [Server thread/INFO] (Minecraft) Generating keypair
[20:44:52] [Server thread/INFO] (Minecraft) Starting Minecraft server on *:0
[20:44:53] [Server thread/INFO] (Minecraft) Preparing level "world"
[20:44:53] [Server thread/INFO] (Minecraft) Loading 0 persistent chunks...
[20:44:53] [Server thread/INFO] (Minecraft) Preparing spawn area: 100%
[20:44:53] [Server thread/INFO] (Minecraft) Time elapsed: 53 ms
[20:44:53] [Server thread/INFO] (Minecraft) Done (0.353s)! For help, type "help"
[20:44:53] [Server thread/INFO] (Minecraft) Saving chunks for level 'ServerLevel[world]'/minecraft:overworld
[20:44:53] [Server thread/INFO] (Minecraft) Saving chunks for level 'ServerLevel[world]'/minecraft:the_end
[20:44:53] [Server thread/INFO] (Minecraft) Saving chunks for level 'ServerLevel[world]'/minecraft:the_nether
[20:44:53] [Server thread/INFO] (Minecraft) ThreadedAnvilChunkStorage (world): All chunks are saved
[20:44:53] [Server thread/INFO] (Minecraft) ThreadedAnvilChunkStorage (DIM1): All chunks are saved
[20:44:53] [Server thread/INFO] (Minecraft) ThreadedAnvilChunkStorage (DIM-1): All chunks are saved
[20:44:53] [Server thread/INFO] (Minecraft) ThreadedAnvilChunkStorage: All dimensions are saved
SSA_S5_CRASH fixture=s5-after-delta-2 boundary=after_delta_2 exit=70

> Task :platform-fabric:runServer FAILED
14 actionable tasks: 3 executed, 11 up-to-date


FAILURE: Build failed with an exception.

* What went wrong:
Execution failed for task ':platform-fabric:runServer' (registered by plugin 'fabric-loom').
> Process 'command 'C:\Program Files\Eclipse Adoptium\jdk-25.0.4.7-hotspot\bin\java.exe'' finished with non-zero exit value 70

* Try:
> Run with --stacktrace option to get the stack trace.
> Run with --info or --debug option to get more log output.
> Run with --scan to get full insights from a Build Scan (powered by Develocity).
> Get more help at https://help.gradle.org.

BUILD FAILED in 16s

CASE=s5-after-delta-2 MODE=recover BOUNDARY=after_delta_2
STARTED=2026-08-13T20:44:54.1939368+07:00
FINISHED=2026-08-13T20:45:11.0412658+07:00
GRADLE_EXIT_CODE=0
TIMED_OUT=False
To honour the JVM settings for this build a single-use Daemon process will be forked. For more on this, please refer to https://docs.gradle.org/9.5.1/userguide/gradle_daemon.html#sec:disabling_the_daemon in the Gradle documentation.
Daemon will be stopped at the end of the build

> Configure project :platform-fabric
Fabric Loom: 1.17.19

> Task :construction-core:processResources NO-SOURCE
> Task :minecraft-common:processResources NO-SOURCE
> Task :platform-fabric:processResources UP-TO-DATE
> Task :architect-core:compileJava UP-TO-DATE
> Task :architect-core:processResources UP-TO-DATE
> Task :architect-core:classes UP-TO-DATE
> Task :platform-fabric:deleteGameTestRunDir
> Task :architect-core:jar UP-TO-DATE
> Task :construction-core:compileJava UP-TO-DATE
> Task :construction-core:classes UP-TO-DATE
> Task :platform-fabric:acceptGameTestEula
> Task :platform-fabric:generateLog4jConfig UP-TO-DATE
> Task :construction-core:jar UP-TO-DATE
> Task :platform-fabric:generateDLIConfig UP-TO-DATE
> Task :minecraft-common:compileJava UP-TO-DATE
> Task :platform-fabric:configureLaunch
> Task :minecraft-common:classes UP-TO-DATE
> Task :minecraft-common:jar UP-TO-DATE
> Task :platform-fabric:compileJava UP-TO-DATE
> Task :platform-fabric:classes UP-TO-DATE

> Task :platform-fabric:runServer
[20:45:01] [main/INFO] (FabricLoader/GameProvider) Loading Minecraft 26.2 with Fabric Loader 0.19.3
[20:45:01] [main/INFO] (FabricLoader/Mappings) Mappings not present!
[20:45:01] [main/INFO] (FabricLoader) Loading 43 mods:
	- fabric-api 0.154.2+26.2
	   |-- fabric-key-mapping-api-v1 2.0.5+e2bdee789e
	   |-- fabric-model-loading-api-v1 8.0.15+c80601bb9e
	   |-- fabric-renderer-api-v1 14.1.2+2b0d8a229e
	   |-- fabric-renderer-indigo 9.1.2+2b0d8a229e
	   |-- fabric-rendering-v1 25.3.1+6988455e9e
	   |-- fabric-screen-api-v1 5.1.0+48e3c0b09e
	   \-- fabric-sound-api-v1 2.0.5+11a26f319e
	- fabric-api-base 2.0.4+ece063239e
	- fabric-api-lookup-api-v1 2.0.17+11e1c9a39e
	- fabric-biome-api-v1 18.0.6+c7bd5b8e9e
	- fabric-block-api-v1 3.0.3+ec56b6019e
	- fabric-block-getter-api-v2 2.0.7+ec56b6019e
	- fabric-command-api-v2 3.1.0+00cb03469e
	- fabric-content-registries-v0 11.2.2+b7a678a99e
	- fabric-convention-tags-v2 4.7.0+1f023a9e9e
	- fabric-crash-report-info-v1 1.0.5+086d547a9e
	- fabric-creative-tab-api-v1 5.0.14+d871b99e9e
	- fabric-data-attachment-api-v1 2.2.17+aa0fd6fe9e
	- fabric-data-generation-api-v1 25.4.4+9e7dc27f9e
	- fabric-debug-api-v1 1.0.2+c792624d9e
	- fabric-dimensions-v1 5.1.9+9cbf5da59e
	- fabric-entity-events-v1 5.0.5+06488ac19e
	- fabric-events-interaction-v0 5.2.6+8f57f7ee9e
	- fabric-game-rule-api-v1 4.0.8+46a6d00c9e
	- fabric-gametest-api-v1 4.0.21+4a7fa0819e
	- fabric-item-api-v1 14.2.0+7aec7be39e
	- fabric-lifecycle-events-v1 4.1.3+4575b05f9e
	- fabric-loot-api-v3 3.0.17+06488ac19e
	- fabric-menu-api-v1 2.0.16+086d547a9e
	- fabric-message-api-v1 7.0.7+086d547a9e
	- fabric-networking-api-v1 6.3.3+72073ef09e
	- fabric-object-builder-api-v1 24.1.0+6fcd5f039e
	- fabric-particles-v1 5.0.18+d1756aa99e
	- fabric-permission-api-v1 1.0.3+b7020ca29e
	- fabric-recipe-api-v1 9.0.20+11e1c9a39e
	- fabric-registry-sync-v0 7.1.0+c7bd5b8e9e
	- fabric-rendering-fluids-v1 6.0.4+06488ac19e
	- fabric-resource-conditions-api-v1 6.1.0+10e9a28b9e
	- fabric-resource-loader-v0 3.3.20+4fc5413f9e
	- fabric-resource-loader-v1 2.0.13+9edec1269e
	- fabric-serialization-api-v1 2.0.4+11a26f319e
	- fabric-tag-api-v1 2.1.3+794df31d9e
	- fabric-transfer-api-v1 8.0.11+39b5a3929e
	- fabric-transitive-access-wideners-v1 8.1.4+67c847259e
	- fabricloader 0.19.3
	- java 25
	- minecraft 26.2
	- mixinextras 0.5.4
	- smart_survival_architect 0.1.0-SNAPSHOT
[20:45:01] [main/INFO] (FabricLoader/Mixin) SpongePowered MIXIN Subsystem Version=0.8.7 Source=file:/C:/Users/clone/.gradle/caches/modules-2/files-2.1/net.fabricmc/sponge-mixin/0.17.3+mixin.0.8.7/41c4a3984a80f4679e759fb9f495587acc5cdac7/sponge-mixin-0.17.3+mixin.0.8.7.jar Service=Knot/Fabric Env=SERVER
[20:45:01] [main/INFO] (FabricLoader/Mixin) Compatibility level set to JAVA_25
[20:45:02] [main/INFO] (FabricLoader/MixinExtras|Service) Initializing MixinExtras via com.llamalad7.mixinextras.service.MixinExtrasServiceImpl(version=0.5.4).
[20:45:07] [main/INFO] (smart_survival_architect) SSA_S1_COMMON_READY block=smart_survival_architect:spike_marker
[20:45:07] [main/INFO] (Minecraft) Environment: Environment[sessionHost=https://sessionserver.mojang.com, servicesHost=https://api.minecraftservices.com, profilesHost=https://api.mojang.com, name=PROD]
[20:45:09] [main/INFO] (Minecraft) Loaded 1585 recipes
[20:45:09] [main/INFO] (Minecraft) Loaded 1688 advancements
[20:45:09] [main/INFO] (BiomeModificationImpl) Applied 0 biome modifications to 0 of 66 new biomes in 1.579 ms
[20:45:09] [Server thread/INFO] (Minecraft) Starting minecraft server version 26.2
[20:45:09] [Server thread/INFO] (Minecraft) Loading properties
[20:45:09] [Server thread/INFO] (Minecraft) Default game type: SURVIVAL
[20:45:09] [Server thread/INFO] (Minecraft) Generating keypair
[20:45:09] [Server thread/INFO] (Minecraft) Starting Minecraft server on *:0
[20:45:09] [Server thread/INFO] (Minecraft) Preparing level "world"
[20:45:09] [Server thread/INFO] (Minecraft) Loading 0 persistent chunks...
[20:45:10] [Server thread/INFO] (Minecraft) Preparing spawn area: 100%
[20:45:10] [Server thread/INFO] (Minecraft) Time elapsed: 58 ms
[20:45:10] [Server thread/INFO] (Minecraft) Done (0.347s)! For help, type "help"
[20:45:10] [Server thread/INFO] (Minecraft) Saving chunks for level 'ServerLevel[world]'/minecraft:overworld
[20:45:10] [Server thread/INFO] (Minecraft) Saving chunks for level 'ServerLevel[world]'/minecraft:the_end
[20:45:10] [Server thread/INFO] (Minecraft) Saving chunks for level 'ServerLevel[world]'/minecraft:the_nether
[20:45:10] [Server thread/INFO] (Minecraft) ThreadedAnvilChunkStorage (world): All chunks are saved
[20:45:10] [Server thread/INFO] (Minecraft) ThreadedAnvilChunkStorage (DIM1): All chunks are saved
[20:45:10] [Server thread/INFO] (Minecraft) ThreadedAnvilChunkStorage (DIM-1): All chunks are saved
[20:45:10] [Server thread/INFO] (Minecraft) ThreadedAnvilChunkStorage: All dimensions are saved
SSA_S5_RECOVERY fixture=s5-after-delta-2 boundary=after_delta_2 first=COMMITTED second=NO_ACTIVE_INTENT scheduled=true world=1ba9a355-6ca2-4319-b270-5008f5f9abf2 metadata=true exact=true
[20:45:10] [Server thread/INFO] (Minecraft) Stopping server
[20:45:10] [Server thread/INFO] (Minecraft) Saving players
[20:45:10] [Server thread/INFO] (Minecraft) Saving worlds
[20:45:10] [Server thread/INFO] (Minecraft) Saving chunks for level 'ServerLevel[world]'/minecraft:overworld
[20:45:10] [Server thread/INFO] (Minecraft) Saving chunks for level 'ServerLevel[world]'/minecraft:the_end
[20:45:10] [Server thread/INFO] (Minecraft) Saving chunks for level 'ServerLevel[world]'/minecraft:the_nether
[20:45:10] [Server thread/INFO] (Minecraft) ThreadedAnvilChunkStorage (world): All chunks are saved
[20:45:10] [Server thread/INFO] (Minecraft) ThreadedAnvilChunkStorage (DIM1): All chunks are saved
[20:45:10] [Server thread/INFO] (Minecraft) ThreadedAnvilChunkStorage (DIM-1): All chunks are saved
[20:45:10] [Server thread/INFO] (Minecraft) ThreadedAnvilChunkStorage: All dimensions are saved

BUILD SUCCESSFUL in 16s
14 actionable tasks: 3 executed, 11 up-to-date

CASE=s5-after-delta-3 MODE=crash BOUNDARY=after_delta_3
STARTED=2026-08-13T20:45:11.0595954+07:00
FINISHED=2026-08-13T20:45:27.8275493+07:00
GRADLE_EXIT_CODE=1
TIMED_OUT=False
To honour the JVM settings for this build a single-use Daemon process will be forked. For more on this, please refer to https://docs.gradle.org/9.5.1/userguide/gradle_daemon.html#sec:disabling_the_daemon in the Gradle documentation.
Daemon will be stopped at the end of the build

> Configure project :platform-fabric
Fabric Loom: 1.17.19

> Task :construction-core:processResources NO-SOURCE
> Task :minecraft-common:processResources NO-SOURCE
> Task :platform-fabric:processResources UP-TO-DATE
> Task :architect-core:compileJava UP-TO-DATE
> Task :architect-core:processResources UP-TO-DATE
> Task :architect-core:classes UP-TO-DATE
> Task :platform-fabric:deleteGameTestRunDir
> Task :architect-core:jar UP-TO-DATE
> Task :platform-fabric:acceptGameTestEula
> Task :construction-core:compileJava UP-TO-DATE
> Task :construction-core:classes UP-TO-DATE
> Task :platform-fabric:generateLog4jConfig UP-TO-DATE
> Task :construction-core:jar UP-TO-DATE
> Task :minecraft-common:compileJava UP-TO-DATE
> Task :platform-fabric:generateDLIConfig UP-TO-DATE
> Task :minecraft-common:classes UP-TO-DATE
> Task :minecraft-common:jar UP-TO-DATE
> Task :platform-fabric:compileJava UP-TO-DATE
> Task :platform-fabric:classes UP-TO-DATE
> Task :platform-fabric:configureLaunch

> Task :platform-fabric:runServer
[20:45:18] [main/INFO] (FabricLoader/GameProvider) Loading Minecraft 26.2 with Fabric Loader 0.19.3
[20:45:18] [main/INFO] (FabricLoader/Mappings) Mappings not present!
[20:45:18] [main/INFO] (FabricLoader) Loading 43 mods:
	- fabric-api 0.154.2+26.2
	   |-- fabric-key-mapping-api-v1 2.0.5+e2bdee789e
	   |-- fabric-model-loading-api-v1 8.0.15+c80601bb9e
	   |-- fabric-renderer-api-v1 14.1.2+2b0d8a229e
	   |-- fabric-renderer-indigo 9.1.2+2b0d8a229e
	   |-- fabric-rendering-v1 25.3.1+6988455e9e
	   |-- fabric-screen-api-v1 5.1.0+48e3c0b09e
	   \-- fabric-sound-api-v1 2.0.5+11a26f319e
	- fabric-api-base 2.0.4+ece063239e
	- fabric-api-lookup-api-v1 2.0.17+11e1c9a39e
	- fabric-biome-api-v1 18.0.6+c7bd5b8e9e
	- fabric-block-api-v1 3.0.3+ec56b6019e
	- fabric-block-getter-api-v2 2.0.7+ec56b6019e
	- fabric-command-api-v2 3.1.0+00cb03469e
	- fabric-content-registries-v0 11.2.2+b7a678a99e
	- fabric-convention-tags-v2 4.7.0+1f023a9e9e
	- fabric-crash-report-info-v1 1.0.5+086d547a9e
	- fabric-creative-tab-api-v1 5.0.14+d871b99e9e
	- fabric-data-attachment-api-v1 2.2.17+aa0fd6fe9e
	- fabric-data-generation-api-v1 25.4.4+9e7dc27f9e
	- fabric-debug-api-v1 1.0.2+c792624d9e
	- fabric-dimensions-v1 5.1.9+9cbf5da59e
	- fabric-entity-events-v1 5.0.5+06488ac19e
	- fabric-events-interaction-v0 5.2.6+8f57f7ee9e
	- fabric-game-rule-api-v1 4.0.8+46a6d00c9e
	- fabric-gametest-api-v1 4.0.21+4a7fa0819e
	- fabric-item-api-v1 14.2.0+7aec7be39e
	- fabric-lifecycle-events-v1 4.1.3+4575b05f9e
	- fabric-loot-api-v3 3.0.17+06488ac19e
	- fabric-menu-api-v1 2.0.16+086d547a9e
	- fabric-message-api-v1 7.0.7+086d547a9e
	- fabric-networking-api-v1 6.3.3+72073ef09e
	- fabric-object-builder-api-v1 24.1.0+6fcd5f039e
	- fabric-particles-v1 5.0.18+d1756aa99e
	- fabric-permission-api-v1 1.0.3+b7020ca29e
	- fabric-recipe-api-v1 9.0.20+11e1c9a39e
	- fabric-registry-sync-v0 7.1.0+c7bd5b8e9e
	- fabric-rendering-fluids-v1 6.0.4+06488ac19e
	- fabric-resource-conditions-api-v1 6.1.0+10e9a28b9e
	- fabric-resource-loader-v0 3.3.20+4fc5413f9e
	- fabric-resource-loader-v1 2.0.13+9edec1269e
	- fabric-serialization-api-v1 2.0.4+11a26f319e
	- fabric-tag-api-v1 2.1.3+794df31d9e
	- fabric-transfer-api-v1 8.0.11+39b5a3929e
	- fabric-transitive-access-wideners-v1 8.1.4+67c847259e
	- fabricloader 0.19.3
	- java 25
	- minecraft 26.2
	- mixinextras 0.5.4
	- smart_survival_architect 0.1.0-SNAPSHOT
[20:45:18] [main/INFO] (FabricLoader/Mixin) SpongePowered MIXIN Subsystem Version=0.8.7 Source=file:/C:/Users/clone/.gradle/caches/modules-2/files-2.1/net.fabricmc/sponge-mixin/0.17.3+mixin.0.8.7/41c4a3984a80f4679e759fb9f495587acc5cdac7/sponge-mixin-0.17.3+mixin.0.8.7.jar Service=Knot/Fabric Env=SERVER
[20:45:18] [main/INFO] (FabricLoader/Mixin) Compatibility level set to JAVA_25
[20:45:19] [main/INFO] (FabricLoader/MixinExtras|Service) Initializing MixinExtras via com.llamalad7.mixinextras.service.MixinExtrasServiceImpl(version=0.5.4).
[20:45:25] [main/INFO] (smart_survival_architect) SSA_S1_COMMON_READY block=smart_survival_architect:spike_marker
[20:45:25] [main/INFO] (Minecraft) Environment: Environment[sessionHost=https://sessionserver.mojang.com, servicesHost=https://api.minecraftservices.com, profilesHost=https://api.mojang.com, name=PROD]
[20:45:26] [main/INFO] (Minecraft) Loaded 1585 recipes
[20:45:26] [main/INFO] (Minecraft) Loaded 1688 advancements
[20:45:26] [main/INFO] (BiomeModificationImpl) Applied 0 biome modifications to 0 of 66 new biomes in 997.7 μs
[20:45:26] [Server thread/INFO] (Minecraft) Starting minecraft server version 26.2
[20:45:26] [Server thread/INFO] (Minecraft) Loading properties
[20:45:26] [Server thread/INFO] (Minecraft) Default game type: SURVIVAL
[20:45:26] [Server thread/INFO] (Minecraft) Generating keypair
[20:45:26] [Server thread/INFO] (Minecraft) Starting Minecraft server on *:0
[20:45:26] [Server thread/INFO] (Minecraft) Preparing level "world"
[20:45:26] [Server thread/INFO] (Minecraft) Loading 0 persistent chunks...
[20:45:27] [Server thread/INFO] (Minecraft) Preparing spawn area: 100%
[20:45:27] [Server thread/INFO] (Minecraft) Time elapsed: 63 ms
[20:45:27] [Server thread/INFO] (Minecraft) Done (0.316s)! For help, type "help"
[20:45:27] [Server thread/INFO] (Minecraft) Saving chunks for level 'ServerLevel[world]'/minecraft:overworld
[20:45:27] [Server thread/INFO] (Minecraft) Saving chunks for level 'ServerLevel[world]'/minecraft:the_end
[20:45:27] [Server thread/INFO] (Minecraft) Saving chunks for level 'ServerLevel[world]'/minecraft:the_nether
[20:45:27] [Server thread/INFO] (Minecraft) ThreadedAnvilChunkStorage (world): All chunks are saved
[20:45:27] [Server thread/INFO] (Minecraft) ThreadedAnvilChunkStorage (DIM1): All chunks are saved
[20:45:27] [Server thread/INFO] (Minecraft) ThreadedAnvilChunkStorage (DIM-1): All chunks are saved
[20:45:27] [Server thread/INFO] (Minecraft) ThreadedAnvilChunkStorage: All dimensions are saved
SSA_S5_CRASH fixture=s5-after-delta-3 boundary=after_delta_3 exit=70

> Task :platform-fabric:runServer FAILED
14 actionable tasks: 3 executed, 11 up-to-date


FAILURE: Build failed with an exception.

* What went wrong:
Execution failed for task ':platform-fabric:runServer' (registered by plugin 'fabric-loom').
> Process 'command 'C:\Program Files\Eclipse Adoptium\jdk-25.0.4.7-hotspot\bin\java.exe'' finished with non-zero exit value 70

* Try:
> Run with --stacktrace option to get the stack trace.
> Run with --info or --debug option to get more log output.
> Run with --scan to get full insights from a Build Scan (powered by Develocity).
> Get more help at https://help.gradle.org.

BUILD FAILED in 16s

CASE=s5-after-delta-3 MODE=recover BOUNDARY=after_delta_3
STARTED=2026-08-13T20:45:27.8299324+07:00
FINISHED=2026-08-13T20:45:45.1018580+07:00
GRADLE_EXIT_CODE=0
TIMED_OUT=False
To honour the JVM settings for this build a single-use Daemon process will be forked. For more on this, please refer to https://docs.gradle.org/9.5.1/userguide/gradle_daemon.html#sec:disabling_the_daemon in the Gradle documentation.
Daemon will be stopped at the end of the build

> Configure project :platform-fabric
Fabric Loom: 1.17.19

> Task :construction-core:processResources NO-SOURCE
> Task :minecraft-common:processResources NO-SOURCE
> Task :platform-fabric:processResources UP-TO-DATE
> Task :architect-core:compileJava UP-TO-DATE
> Task :platform-fabric:deleteGameTestRunDir
> Task :architect-core:processResources UP-TO-DATE
> Task :architect-core:classes UP-TO-DATE
> Task :architect-core:jar UP-TO-DATE
> Task :platform-fabric:acceptGameTestEula
> Task :construction-core:compileJava UP-TO-DATE
> Task :construction-core:classes UP-TO-DATE
> Task :platform-fabric:generateLog4jConfig UP-TO-DATE
> Task :construction-core:jar UP-TO-DATE
> Task :platform-fabric:generateDLIConfig UP-TO-DATE
> Task :platform-fabric:configureLaunch
> Task :minecraft-common:compileJava UP-TO-DATE
> Task :minecraft-common:classes UP-TO-DATE
> Task :minecraft-common:jar UP-TO-DATE
> Task :platform-fabric:compileJava UP-TO-DATE
> Task :platform-fabric:classes UP-TO-DATE

> Task :platform-fabric:runServer
[20:45:35] [main/INFO] (FabricLoader/GameProvider) Loading Minecraft 26.2 with Fabric Loader 0.19.3
[20:45:35] [main/INFO] (FabricLoader/Mappings) Mappings not present!
[20:45:35] [main/INFO] (FabricLoader) Loading 43 mods:
	- fabric-api 0.154.2+26.2
	   |-- fabric-key-mapping-api-v1 2.0.5+e2bdee789e
	   |-- fabric-model-loading-api-v1 8.0.15+c80601bb9e
	   |-- fabric-renderer-api-v1 14.1.2+2b0d8a229e
	   |-- fabric-renderer-indigo 9.1.2+2b0d8a229e
	   |-- fabric-rendering-v1 25.3.1+6988455e9e
	   |-- fabric-screen-api-v1 5.1.0+48e3c0b09e
	   \-- fabric-sound-api-v1 2.0.5+11a26f319e
	- fabric-api-base 2.0.4+ece063239e
	- fabric-api-lookup-api-v1 2.0.17+11e1c9a39e
	- fabric-biome-api-v1 18.0.6+c7bd5b8e9e
	- fabric-block-api-v1 3.0.3+ec56b6019e
	- fabric-block-getter-api-v2 2.0.7+ec56b6019e
	- fabric-command-api-v2 3.1.0+00cb03469e
	- fabric-content-registries-v0 11.2.2+b7a678a99e
	- fabric-convention-tags-v2 4.7.0+1f023a9e9e
	- fabric-crash-report-info-v1 1.0.5+086d547a9e
	- fabric-creative-tab-api-v1 5.0.14+d871b99e9e
	- fabric-data-attachment-api-v1 2.2.17+aa0fd6fe9e
	- fabric-data-generation-api-v1 25.4.4+9e7dc27f9e
	- fabric-debug-api-v1 1.0.2+c792624d9e
	- fabric-dimensions-v1 5.1.9+9cbf5da59e
	- fabric-entity-events-v1 5.0.5+06488ac19e
	- fabric-events-interaction-v0 5.2.6+8f57f7ee9e
	- fabric-game-rule-api-v1 4.0.8+46a6d00c9e
	- fabric-gametest-api-v1 4.0.21+4a7fa0819e
	- fabric-item-api-v1 14.2.0+7aec7be39e
	- fabric-lifecycle-events-v1 4.1.3+4575b05f9e
	- fabric-loot-api-v3 3.0.17+06488ac19e
	- fabric-menu-api-v1 2.0.16+086d547a9e
	- fabric-message-api-v1 7.0.7+086d547a9e
	- fabric-networking-api-v1 6.3.3+72073ef09e
	- fabric-object-builder-api-v1 24.1.0+6fcd5f039e
	- fabric-particles-v1 5.0.18+d1756aa99e
	- fabric-permission-api-v1 1.0.3+b7020ca29e
	- fabric-recipe-api-v1 9.0.20+11e1c9a39e
	- fabric-registry-sync-v0 7.1.0+c7bd5b8e9e
	- fabric-rendering-fluids-v1 6.0.4+06488ac19e
	- fabric-resource-conditions-api-v1 6.1.0+10e9a28b9e
	- fabric-resource-loader-v0 3.3.20+4fc5413f9e
	- fabric-resource-loader-v1 2.0.13+9edec1269e
	- fabric-serialization-api-v1 2.0.4+11a26f319e
	- fabric-tag-api-v1 2.1.3+794df31d9e
	- fabric-transfer-api-v1 8.0.11+39b5a3929e
	- fabric-transitive-access-wideners-v1 8.1.4+67c847259e
	- fabricloader 0.19.3
	- java 25
	- minecraft 26.2
	- mixinextras 0.5.4
	- smart_survival_architect 0.1.0-SNAPSHOT
[20:45:35] [main/INFO] (FabricLoader/Mixin) SpongePowered MIXIN Subsystem Version=0.8.7 Source=file:/C:/Users/clone/.gradle/caches/modules-2/files-2.1/net.fabricmc/sponge-mixin/0.17.3+mixin.0.8.7/41c4a3984a80f4679e759fb9f495587acc5cdac7/sponge-mixin-0.17.3+mixin.0.8.7.jar Service=Knot/Fabric Env=SERVER
[20:45:35] [main/INFO] (FabricLoader/Mixin) Compatibility level set to JAVA_25
[20:45:36] [main/INFO] (FabricLoader/MixinExtras|Service) Initializing MixinExtras via com.llamalad7.mixinextras.service.MixinExtrasServiceImpl(version=0.5.4).
[20:45:41] [main/INFO] (smart_survival_architect) SSA_S1_COMMON_READY block=smart_survival_architect:spike_marker
[20:45:42] [main/INFO] (Minecraft) Environment: Environment[sessionHost=https://sessionserver.mojang.com, servicesHost=https://api.minecraftservices.com, profilesHost=https://api.mojang.com, name=PROD]
[20:45:43] [main/INFO] (Minecraft) Loaded 1585 recipes
[20:45:43] [main/INFO] (Minecraft) Loaded 1688 advancements
[20:45:43] [main/INFO] (BiomeModificationImpl) Applied 0 biome modifications to 0 of 66 new biomes in 963.0 μs
[20:45:43] [Server thread/INFO] (Minecraft) Starting minecraft server version 26.2
[20:45:43] [Server thread/INFO] (Minecraft) Loading properties
[20:45:43] [Server thread/INFO] (Minecraft) Default game type: SURVIVAL
[20:45:43] [Server thread/INFO] (Minecraft) Generating keypair
[20:45:43] [Server thread/INFO] (Minecraft) Starting Minecraft server on *:0
[20:45:43] [Server thread/INFO] (Minecraft) Preparing level "world"
[20:45:44] [Server thread/INFO] (Minecraft) Loading 0 persistent chunks...
[20:45:44] [Server thread/INFO] (Minecraft) Preparing spawn area: 100%
[20:45:44] [Server thread/INFO] (Minecraft) Time elapsed: 49 ms
[20:45:44] [Server thread/INFO] (Minecraft) Done (0.317s)! For help, type "help"
[20:45:44] [Server thread/INFO] (Minecraft) Saving chunks for level 'ServerLevel[world]'/minecraft:overworld
[20:45:44] [Server thread/INFO] (Minecraft) Saving chunks for level 'ServerLevel[world]'/minecraft:the_nether
[20:45:44] [Server thread/INFO] (Minecraft) Saving chunks for level 'ServerLevel[world]'/minecraft:the_end
[20:45:44] [Server thread/INFO] (Minecraft) ThreadedAnvilChunkStorage (world): All chunks are saved
[20:45:44] [Server thread/INFO] (Minecraft) ThreadedAnvilChunkStorage (DIM-1): All chunks are saved
[20:45:44] [Server thread/INFO] (Minecraft) ThreadedAnvilChunkStorage (DIM1): All chunks are saved
[20:45:44] [Server thread/INFO] (Minecraft) ThreadedAnvilChunkStorage: All dimensions are saved
SSA_S5_RECOVERY fixture=s5-after-delta-3 boundary=after_delta_3 first=COMMITTED second=NO_ACTIVE_INTENT scheduled=true world=1ba9a355-6ca2-4319-b270-5008f5f9abf2 metadata=true exact=true
[20:45:44] [Server thread/INFO] (Minecraft) Stopping server
[20:45:44] [Server thread/INFO] (Minecraft) Saving players
[20:45:44] [Server thread/INFO] (Minecraft) Saving worlds
[20:45:44] [Server thread/INFO] (Minecraft) Saving chunks for level 'ServerLevel[world]'/minecraft:overworld
[20:45:44] [Server thread/INFO] (Minecraft) Saving chunks for level 'ServerLevel[world]'/minecraft:the_nether
[20:45:44] [Server thread/INFO] (Minecraft) Saving chunks for level 'ServerLevel[world]'/minecraft:the_end
[20:45:44] [Server thread/INFO] (Minecraft) ThreadedAnvilChunkStorage (world): All chunks are saved
[20:45:44] [Server thread/INFO] (Minecraft) ThreadedAnvilChunkStorage (DIM-1): All chunks are saved
[20:45:44] [Server thread/INFO] (Minecraft) ThreadedAnvilChunkStorage (DIM1): All chunks are saved
[20:45:44] [Server thread/INFO] (Minecraft) ThreadedAnvilChunkStorage: All dimensions are saved

BUILD SUCCESSFUL in 17s
14 actionable tasks: 3 executed, 11 up-to-date

CASE=s5-after-all-deltas-before-commit MODE=crash BOUNDARY=after_all_deltas_before_commit
STARTED=2026-08-13T20:45:45.1213756+07:00
FINISHED=2026-08-13T20:46:01.2000068+07:00
GRADLE_EXIT_CODE=1
TIMED_OUT=False
To honour the JVM settings for this build a single-use Daemon process will be forked. For more on this, please refer to https://docs.gradle.org/9.5.1/userguide/gradle_daemon.html#sec:disabling_the_daemon in the Gradle documentation.
Daemon will be stopped at the end of the build

> Configure project :platform-fabric
Fabric Loom: 1.17.19

> Task :construction-core:processResources NO-SOURCE
> Task :minecraft-common:processResources NO-SOURCE
> Task :platform-fabric:processResources UP-TO-DATE
> Task :architect-core:compileJava UP-TO-DATE
> Task :architect-core:processResources UP-TO-DATE
> Task :architect-core:classes UP-TO-DATE
> Task :platform-fabric:deleteGameTestRunDir
> Task :architect-core:jar UP-TO-DATE
> Task :construction-core:compileJava UP-TO-DATE
> Task :construction-core:classes UP-TO-DATE
> Task :construction-core:jar UP-TO-DATE
> Task :platform-fabric:acceptGameTestEula
> Task :platform-fabric:generateLog4jConfig UP-TO-DATE
> Task :minecraft-common:compileJava UP-TO-DATE
> Task :minecraft-common:classes UP-TO-DATE
> Task :minecraft-common:jar UP-TO-DATE
> Task :platform-fabric:generateDLIConfig UP-TO-DATE
> Task :platform-fabric:compileJava UP-TO-DATE
> Task :platform-fabric:classes UP-TO-DATE
> Task :platform-fabric:configureLaunch

> Task :platform-fabric:runServer
[20:45:52] [main/INFO] (FabricLoader/GameProvider) Loading Minecraft 26.2 with Fabric Loader 0.19.3
[20:45:52] [main/INFO] (FabricLoader/Mappings) Mappings not present!
[20:45:52] [main/INFO] (FabricLoader) Loading 43 mods:
	- fabric-api 0.154.2+26.2
	   |-- fabric-key-mapping-api-v1 2.0.5+e2bdee789e
	   |-- fabric-model-loading-api-v1 8.0.15+c80601bb9e
	   |-- fabric-renderer-api-v1 14.1.2+2b0d8a229e
	   |-- fabric-renderer-indigo 9.1.2+2b0d8a229e
	   |-- fabric-rendering-v1 25.3.1+6988455e9e
	   |-- fabric-screen-api-v1 5.1.0+48e3c0b09e
	   \-- fabric-sound-api-v1 2.0.5+11a26f319e
	- fabric-api-base 2.0.4+ece063239e
	- fabric-api-lookup-api-v1 2.0.17+11e1c9a39e
	- fabric-biome-api-v1 18.0.6+c7bd5b8e9e
	- fabric-block-api-v1 3.0.3+ec56b6019e
	- fabric-block-getter-api-v2 2.0.7+ec56b6019e
	- fabric-command-api-v2 3.1.0+00cb03469e
	- fabric-content-registries-v0 11.2.2+b7a678a99e
	- fabric-convention-tags-v2 4.7.0+1f023a9e9e
	- fabric-crash-report-info-v1 1.0.5+086d547a9e
	- fabric-creative-tab-api-v1 5.0.14+d871b99e9e
	- fabric-data-attachment-api-v1 2.2.17+aa0fd6fe9e
	- fabric-data-generation-api-v1 25.4.4+9e7dc27f9e
	- fabric-debug-api-v1 1.0.2+c792624d9e
	- fabric-dimensions-v1 5.1.9+9cbf5da59e
	- fabric-entity-events-v1 5.0.5+06488ac19e
	- fabric-events-interaction-v0 5.2.6+8f57f7ee9e
	- fabric-game-rule-api-v1 4.0.8+46a6d00c9e
	- fabric-gametest-api-v1 4.0.21+4a7fa0819e
	- fabric-item-api-v1 14.2.0+7aec7be39e
	- fabric-lifecycle-events-v1 4.1.3+4575b05f9e
	- fabric-loot-api-v3 3.0.17+06488ac19e
	- fabric-menu-api-v1 2.0.16+086d547a9e
	- fabric-message-api-v1 7.0.7+086d547a9e
	- fabric-networking-api-v1 6.3.3+72073ef09e
	- fabric-object-builder-api-v1 24.1.0+6fcd5f039e
	- fabric-particles-v1 5.0.18+d1756aa99e
	- fabric-permission-api-v1 1.0.3+b7020ca29e
	- fabric-recipe-api-v1 9.0.20+11e1c9a39e
	- fabric-registry-sync-v0 7.1.0+c7bd5b8e9e
	- fabric-rendering-fluids-v1 6.0.4+06488ac19e
	- fabric-resource-conditions-api-v1 6.1.0+10e9a28b9e
	- fabric-resource-loader-v0 3.3.20+4fc5413f9e
	- fabric-resource-loader-v1 2.0.13+9edec1269e
	- fabric-serialization-api-v1 2.0.4+11a26f319e
	- fabric-tag-api-v1 2.1.3+794df31d9e
	- fabric-transfer-api-v1 8.0.11+39b5a3929e
	- fabric-transitive-access-wideners-v1 8.1.4+67c847259e
	- fabricloader 0.19.3
	- java 25
	- minecraft 26.2
	- mixinextras 0.5.4
	- smart_survival_architect 0.1.0-SNAPSHOT
[20:45:52] [main/INFO] (FabricLoader/Mixin) SpongePowered MIXIN Subsystem Version=0.8.7 Source=file:/C:/Users/clone/.gradle/caches/modules-2/files-2.1/net.fabricmc/sponge-mixin/0.17.3+mixin.0.8.7/41c4a3984a80f4679e759fb9f495587acc5cdac7/sponge-mixin-0.17.3+mixin.0.8.7.jar Service=Knot/Fabric Env=SERVER
[20:45:52] [main/INFO] (FabricLoader/Mixin) Compatibility level set to JAVA_25
[20:45:52] [main/INFO] (FabricLoader/MixinExtras|Service) Initializing MixinExtras via com.llamalad7.mixinextras.service.MixinExtrasServiceImpl(version=0.5.4).
[20:45:58] [main/INFO] (smart_survival_architect) SSA_S1_COMMON_READY block=smart_survival_architect:spike_marker
[20:45:58] [main/INFO] (Minecraft) Environment: Environment[sessionHost=https://sessionserver.mojang.com, servicesHost=https://api.minecraftservices.com, profilesHost=https://api.mojang.com, name=PROD]
[20:45:59] [main/INFO] (Minecraft) Loaded 1585 recipes
[20:45:59] [main/INFO] (Minecraft) Loaded 1688 advancements
[20:45:59] [main/INFO] (BiomeModificationImpl) Applied 0 biome modifications to 0 of 66 new biomes in 1.129 ms
[20:45:59] [Server thread/INFO] (Minecraft) Starting minecraft server version 26.2
[20:45:59] [Server thread/INFO] (Minecraft) Loading properties
[20:45:59] [Server thread/INFO] (Minecraft) Default game type: SURVIVAL
[20:45:59] [Server thread/INFO] (Minecraft) Generating keypair
[20:46:00] [Server thread/INFO] (Minecraft) Starting Minecraft server on *:0
[20:46:00] [Server thread/INFO] (Minecraft) Preparing level "world"
[20:46:00] [Server thread/INFO] (Minecraft) Loading 0 persistent chunks...
[20:46:00] [Server thread/INFO] (Minecraft) Preparing spawn area: 100%
[20:46:00] [Server thread/INFO] (Minecraft) Time elapsed: 49 ms
[20:46:00] [Server thread/INFO] (Minecraft) Done (0.278s)! For help, type "help"
[20:46:00] [Server thread/INFO] (Minecraft) Saving chunks for level 'ServerLevel[world]'/minecraft:overworld
[20:46:00] [Server thread/INFO] (Minecraft) Saving chunks for level 'ServerLevel[world]'/minecraft:the_end
[20:46:00] [Server thread/INFO] (Minecraft) Saving chunks for level 'ServerLevel[world]'/minecraft:the_nether
[20:46:00] [Server thread/INFO] (Minecraft) ThreadedAnvilChunkStorage (world): All chunks are saved
[20:46:00] [Server thread/INFO] (Minecraft) ThreadedAnvilChunkStorage (DIM1): All chunks are saved
[20:46:00] [Server thread/INFO] (Minecraft) ThreadedAnvilChunkStorage (DIM-1): All chunks are saved
[20:46:00] [Server thread/INFO] (Minecraft) ThreadedAnvilChunkStorage: All dimensions are saved
SSA_S5_CRASH fixture=s5-after-all-deltas-before-commit boundary=after_all_deltas_before_commit exit=70

> Task :platform-fabric:runServer FAILED
14 actionable tasks: 3 executed, 11 up-to-date


FAILURE: Build failed with an exception.

* What went wrong:
Execution failed for task ':platform-fabric:runServer' (registered by plugin 'fabric-loom').
> Process 'command 'C:\Program Files\Eclipse Adoptium\jdk-25.0.4.7-hotspot\bin\java.exe'' finished with non-zero exit value 70

* Try:
> Run with --stacktrace option to get the stack trace.
> Run with --info or --debug option to get more log output.
> Run with --scan to get full insights from a Build Scan (powered by Develocity).
> Get more help at https://help.gradle.org.

BUILD FAILED in 15s

CASE=s5-after-all-deltas-before-commit MODE=recover BOUNDARY=after_all_deltas_before_commit
STARTED=2026-08-13T20:46:01.2020062+07:00
FINISHED=2026-08-13T20:46:17.0436450+07:00
GRADLE_EXIT_CODE=0
TIMED_OUT=False
To honour the JVM settings for this build a single-use Daemon process will be forked. For more on this, please refer to https://docs.gradle.org/9.5.1/userguide/gradle_daemon.html#sec:disabling_the_daemon in the Gradle documentation.
Daemon will be stopped at the end of the build

> Configure project :platform-fabric
Fabric Loom: 1.17.19

> Task :minecraft-common:processResources NO-SOURCE
> Task :construction-core:processResources NO-SOURCE
> Task :platform-fabric:processResources UP-TO-DATE
> Task :architect-core:compileJava UP-TO-DATE
> Task :platform-fabric:deleteGameTestRunDir
> Task :architect-core:processResources UP-TO-DATE
> Task :architect-core:classes UP-TO-DATE
> Task :architect-core:jar UP-TO-DATE
> Task :platform-fabric:acceptGameTestEula
> Task :platform-fabric:generateLog4jConfig UP-TO-DATE
> Task :construction-core:compileJava UP-TO-DATE
> Task :construction-core:classes UP-TO-DATE
> Task :construction-core:jar UP-TO-DATE
> Task :platform-fabric:generateDLIConfig UP-TO-DATE
> Task :platform-fabric:configureLaunch
> Task :minecraft-common:compileJava UP-TO-DATE
> Task :minecraft-common:classes UP-TO-DATE
> Task :minecraft-common:jar UP-TO-DATE
> Task :platform-fabric:compileJava UP-TO-DATE
> Task :platform-fabric:classes UP-TO-DATE

> Task :platform-fabric:runServer
[20:46:07] [main/INFO] (FabricLoader/GameProvider) Loading Minecraft 26.2 with Fabric Loader 0.19.3
[20:46:07] [main/INFO] (FabricLoader/Mappings) Mappings not present!
[20:46:08] [main/INFO] (FabricLoader) Loading 43 mods:
	- fabric-api 0.154.2+26.2
	   |-- fabric-key-mapping-api-v1 2.0.5+e2bdee789e
	   |-- fabric-model-loading-api-v1 8.0.15+c80601bb9e
	   |-- fabric-renderer-api-v1 14.1.2+2b0d8a229e
	   |-- fabric-renderer-indigo 9.1.2+2b0d8a229e
	   |-- fabric-rendering-v1 25.3.1+6988455e9e
	   |-- fabric-screen-api-v1 5.1.0+48e3c0b09e
	   \-- fabric-sound-api-v1 2.0.5+11a26f319e
	- fabric-api-base 2.0.4+ece063239e
	- fabric-api-lookup-api-v1 2.0.17+11e1c9a39e
	- fabric-biome-api-v1 18.0.6+c7bd5b8e9e
	- fabric-block-api-v1 3.0.3+ec56b6019e
	- fabric-block-getter-api-v2 2.0.7+ec56b6019e
	- fabric-command-api-v2 3.1.0+00cb03469e
	- fabric-content-registries-v0 11.2.2+b7a678a99e
	- fabric-convention-tags-v2 4.7.0+1f023a9e9e
	- fabric-crash-report-info-v1 1.0.5+086d547a9e
	- fabric-creative-tab-api-v1 5.0.14+d871b99e9e
	- fabric-data-attachment-api-v1 2.2.17+aa0fd6fe9e
	- fabric-data-generation-api-v1 25.4.4+9e7dc27f9e
	- fabric-debug-api-v1 1.0.2+c792624d9e
	- fabric-dimensions-v1 5.1.9+9cbf5da59e
	- fabric-entity-events-v1 5.0.5+06488ac19e
	- fabric-events-interaction-v0 5.2.6+8f57f7ee9e
	- fabric-game-rule-api-v1 4.0.8+46a6d00c9e
	- fabric-gametest-api-v1 4.0.21+4a7fa0819e
	- fabric-item-api-v1 14.2.0+7aec7be39e
	- fabric-lifecycle-events-v1 4.1.3+4575b05f9e
	- fabric-loot-api-v3 3.0.17+06488ac19e
	- fabric-menu-api-v1 2.0.16+086d547a9e
	- fabric-message-api-v1 7.0.7+086d547a9e
	- fabric-networking-api-v1 6.3.3+72073ef09e
	- fabric-object-builder-api-v1 24.1.0+6fcd5f039e
	- fabric-particles-v1 5.0.18+d1756aa99e
	- fabric-permission-api-v1 1.0.3+b7020ca29e
	- fabric-recipe-api-v1 9.0.20+11e1c9a39e
	- fabric-registry-sync-v0 7.1.0+c7bd5b8e9e
	- fabric-rendering-fluids-v1 6.0.4+06488ac19e
	- fabric-resource-conditions-api-v1 6.1.0+10e9a28b9e
	- fabric-resource-loader-v0 3.3.20+4fc5413f9e
	- fabric-resource-loader-v1 2.0.13+9edec1269e
	- fabric-serialization-api-v1 2.0.4+11a26f319e
	- fabric-tag-api-v1 2.1.3+794df31d9e
	- fabric-transfer-api-v1 8.0.11+39b5a3929e
	- fabric-transitive-access-wideners-v1 8.1.4+67c847259e
	- fabricloader 0.19.3
	- java 25
	- minecraft 26.2
	- mixinextras 0.5.4
	- smart_survival_architect 0.1.0-SNAPSHOT
[20:46:08] [main/INFO] (FabricLoader/Mixin) SpongePowered MIXIN Subsystem Version=0.8.7 Source=file:/C:/Users/clone/.gradle/caches/modules-2/files-2.1/net.fabricmc/sponge-mixin/0.17.3+mixin.0.8.7/41c4a3984a80f4679e759fb9f495587acc5cdac7/sponge-mixin-0.17.3+mixin.0.8.7.jar Service=Knot/Fabric Env=SERVER
[20:46:08] [main/INFO] (FabricLoader/Mixin) Compatibility level set to JAVA_25
[20:46:08] [main/INFO] (FabricLoader/MixinExtras|Service) Initializing MixinExtras via com.llamalad7.mixinextras.service.MixinExtrasServiceImpl(version=0.5.4).
[20:46:13] [main/INFO] (smart_survival_architect) SSA_S1_COMMON_READY block=smart_survival_architect:spike_marker
[20:46:13] [main/INFO] (Minecraft) Environment: Environment[sessionHost=https://sessionserver.mojang.com, servicesHost=https://api.minecraftservices.com, profilesHost=https://api.mojang.com, name=PROD]
[20:46:15] [main/INFO] (Minecraft) Loaded 1585 recipes
[20:46:15] [main/INFO] (Minecraft) Loaded 1688 advancements
[20:46:15] [main/INFO] (BiomeModificationImpl) Applied 0 biome modifications to 0 of 66 new biomes in 1.227 ms
[20:46:15] [Server thread/INFO] (Minecraft) Starting minecraft server version 26.2
[20:46:15] [Server thread/INFO] (Minecraft) Loading properties
[20:46:15] [Server thread/INFO] (Minecraft) Default game type: SURVIVAL
[20:46:15] [Server thread/INFO] (Minecraft) Generating keypair
[20:46:15] [Server thread/INFO] (Minecraft) Starting Minecraft server on *:0
[20:46:15] [Server thread/INFO] (Minecraft) Preparing level "world"
[20:46:15] [Server thread/INFO] (Minecraft) Loading 0 persistent chunks...
[20:46:16] [Server thread/INFO] (Minecraft) Preparing spawn area: 100%
[20:46:16] [Server thread/INFO] (Minecraft) Time elapsed: 61 ms
[20:46:16] [Server thread/INFO] (Minecraft) Done (0.360s)! For help, type "help"
[20:46:16] [Server thread/INFO] (Minecraft) Saving chunks for level 'ServerLevel[world]'/minecraft:overworld
[20:46:16] [Server thread/INFO] (Minecraft) Saving chunks for level 'ServerLevel[world]'/minecraft:the_end
[20:46:16] [Server thread/INFO] (Minecraft) Saving chunks for level 'ServerLevel[world]'/minecraft:the_nether
[20:46:16] [Server thread/INFO] (Minecraft) ThreadedAnvilChunkStorage (world): All chunks are saved
[20:46:16] [Server thread/INFO] (Minecraft) ThreadedAnvilChunkStorage (DIM1): All chunks are saved
[20:46:16] [Server thread/INFO] (Minecraft) ThreadedAnvilChunkStorage (DIM-1): All chunks are saved
[20:46:16] [Server thread/INFO] (Minecraft) ThreadedAnvilChunkStorage: All dimensions are saved
SSA_S5_RECOVERY fixture=s5-after-all-deltas-before-commit boundary=after_all_deltas_before_commit first=COMMITTED second=NO_ACTIVE_INTENT scheduled=true world=1ba9a355-6ca2-4319-b270-5008f5f9abf2 metadata=true exact=true
[20:46:16] [Server thread/INFO] (Minecraft) Stopping server
[20:46:16] [Server thread/INFO] (Minecraft) Saving players
[20:46:16] [Server thread/INFO] (Minecraft) Saving worlds
[20:46:16] [Server thread/INFO] (Minecraft) Saving chunks for level 'ServerLevel[world]'/minecraft:overworld
[20:46:16] [Server thread/INFO] (Minecraft) Saving chunks for level 'ServerLevel[world]'/minecraft:the_end
[20:46:16] [Server thread/INFO] (Minecraft) Saving chunks for level 'ServerLevel[world]'/minecraft:the_nether
[20:46:16] [Server thread/INFO] (Minecraft) ThreadedAnvilChunkStorage (world): All chunks are saved
[20:46:16] [Server thread/INFO] (Minecraft) ThreadedAnvilChunkStorage (DIM1): All chunks are saved
[20:46:16] [Server thread/INFO] (Minecraft) ThreadedAnvilChunkStorage (DIM-1): All chunks are saved
[20:46:16] [Server thread/INFO] (Minecraft) ThreadedAnvilChunkStorage: All dimensions are saved

BUILD SUCCESSFUL in 15s
14 actionable tasks: 3 executed, 11 up-to-date

CASE=s5-after-journal-commit-before-wal-commit MODE=crash BOUNDARY=after_journal_commit_before_wal_commit
STARTED=2026-08-13T20:46:17.0606648+07:00
FINISHED=2026-08-13T20:46:33.2153694+07:00
GRADLE_EXIT_CODE=1
TIMED_OUT=False
To honour the JVM settings for this build a single-use Daemon process will be forked. For more on this, please refer to https://docs.gradle.org/9.5.1/userguide/gradle_daemon.html#sec:disabling_the_daemon in the Gradle documentation.
Daemon will be stopped at the end of the build

> Configure project :platform-fabric
Fabric Loom: 1.17.19

> Task :minecraft-common:processResources NO-SOURCE
> Task :construction-core:processResources NO-SOURCE
> Task :platform-fabric:processResources UP-TO-DATE
> Task :architect-core:compileJava UP-TO-DATE
> Task :platform-fabric:deleteGameTestRunDir
> Task :architect-core:processResources UP-TO-DATE
> Task :architect-core:classes UP-TO-DATE
> Task :architect-core:jar UP-TO-DATE
> Task :platform-fabric:acceptGameTestEula
> Task :platform-fabric:generateLog4jConfig UP-TO-DATE
> Task :construction-core:compileJava UP-TO-DATE
> Task :construction-core:classes UP-TO-DATE
> Task :construction-core:jar UP-TO-DATE
> Task :platform-fabric:generateDLIConfig UP-TO-DATE
> Task :platform-fabric:configureLaunch
> Task :minecraft-common:compileJava UP-TO-DATE
> Task :minecraft-common:classes UP-TO-DATE
> Task :minecraft-common:jar UP-TO-DATE
> Task :platform-fabric:compileJava UP-TO-DATE
> Task :platform-fabric:classes UP-TO-DATE

> Task :platform-fabric:runServer
[20:46:24] [main/INFO] (FabricLoader/GameProvider) Loading Minecraft 26.2 with Fabric Loader 0.19.3
[20:46:24] [main/INFO] (FabricLoader/Mappings) Mappings not present!
[20:46:24] [main/INFO] (FabricLoader) Loading 43 mods:
	- fabric-api 0.154.2+26.2
	   |-- fabric-key-mapping-api-v1 2.0.5+e2bdee789e
	   |-- fabric-model-loading-api-v1 8.0.15+c80601bb9e
	   |-- fabric-renderer-api-v1 14.1.2+2b0d8a229e
	   |-- fabric-renderer-indigo 9.1.2+2b0d8a229e
	   |-- fabric-rendering-v1 25.3.1+6988455e9e
	   |-- fabric-screen-api-v1 5.1.0+48e3c0b09e
	   \-- fabric-sound-api-v1 2.0.5+11a26f319e
	- fabric-api-base 2.0.4+ece063239e
	- fabric-api-lookup-api-v1 2.0.17+11e1c9a39e
	- fabric-biome-api-v1 18.0.6+c7bd5b8e9e
	- fabric-block-api-v1 3.0.3+ec56b6019e
	- fabric-block-getter-api-v2 2.0.7+ec56b6019e
	- fabric-command-api-v2 3.1.0+00cb03469e
	- fabric-content-registries-v0 11.2.2+b7a678a99e
	- fabric-convention-tags-v2 4.7.0+1f023a9e9e
	- fabric-crash-report-info-v1 1.0.5+086d547a9e
	- fabric-creative-tab-api-v1 5.0.14+d871b99e9e
	- fabric-data-attachment-api-v1 2.2.17+aa0fd6fe9e
	- fabric-data-generation-api-v1 25.4.4+9e7dc27f9e
	- fabric-debug-api-v1 1.0.2+c792624d9e
	- fabric-dimensions-v1 5.1.9+9cbf5da59e
	- fabric-entity-events-v1 5.0.5+06488ac19e
	- fabric-events-interaction-v0 5.2.6+8f57f7ee9e
	- fabric-game-rule-api-v1 4.0.8+46a6d00c9e
	- fabric-gametest-api-v1 4.0.21+4a7fa0819e
	- fabric-item-api-v1 14.2.0+7aec7be39e
	- fabric-lifecycle-events-v1 4.1.3+4575b05f9e
	- fabric-loot-api-v3 3.0.17+06488ac19e
	- fabric-menu-api-v1 2.0.16+086d547a9e
	- fabric-message-api-v1 7.0.7+086d547a9e
	- fabric-networking-api-v1 6.3.3+72073ef09e
	- fabric-object-builder-api-v1 24.1.0+6fcd5f039e
	- fabric-particles-v1 5.0.18+d1756aa99e
	- fabric-permission-api-v1 1.0.3+b7020ca29e
	- fabric-recipe-api-v1 9.0.20+11e1c9a39e
	- fabric-registry-sync-v0 7.1.0+c7bd5b8e9e
	- fabric-rendering-fluids-v1 6.0.4+06488ac19e
	- fabric-resource-conditions-api-v1 6.1.0+10e9a28b9e
	- fabric-resource-loader-v0 3.3.20+4fc5413f9e
	- fabric-resource-loader-v1 2.0.13+9edec1269e
	- fabric-serialization-api-v1 2.0.4+11a26f319e
	- fabric-tag-api-v1 2.1.3+794df31d9e
	- fabric-transfer-api-v1 8.0.11+39b5a3929e
	- fabric-transitive-access-wideners-v1 8.1.4+67c847259e
	- fabricloader 0.19.3
	- java 25
	- minecraft 26.2
	- mixinextras 0.5.4
	- smart_survival_architect 0.1.0-SNAPSHOT
[20:46:24] [main/INFO] (FabricLoader/Mixin) SpongePowered MIXIN Subsystem Version=0.8.7 Source=file:/C:/Users/clone/.gradle/caches/modules-2/files-2.1/net.fabricmc/sponge-mixin/0.17.3+mixin.0.8.7/41c4a3984a80f4679e759fb9f495587acc5cdac7/sponge-mixin-0.17.3+mixin.0.8.7.jar Service=Knot/Fabric Env=SERVER
[20:46:24] [main/INFO] (FabricLoader/Mixin) Compatibility level set to JAVA_25
[20:46:25] [main/INFO] (FabricLoader/MixinExtras|Service) Initializing MixinExtras via com.llamalad7.mixinextras.service.MixinExtrasServiceImpl(version=0.5.4).
[20:46:30] [main/INFO] (smart_survival_architect) SSA_S1_COMMON_READY block=smart_survival_architect:spike_marker
[20:46:30] [main/INFO] (Minecraft) Environment: Environment[sessionHost=https://sessionserver.mojang.com, servicesHost=https://api.minecraftservices.com, profilesHost=https://api.mojang.com, name=PROD]
[20:46:31] [main/INFO] (Minecraft) Loaded 1585 recipes
[20:46:31] [main/INFO] (Minecraft) Loaded 1688 advancements
[20:46:31] [main/INFO] (BiomeModificationImpl) Applied 0 biome modifications to 0 of 66 new biomes in 1.710 ms
[20:46:31] [Server thread/INFO] (Minecraft) Starting minecraft server version 26.2
[20:46:31] [Server thread/INFO] (Minecraft) Loading properties
[20:46:31] [Server thread/INFO] (Minecraft) Default game type: SURVIVAL
[20:46:31] [Server thread/INFO] (Minecraft) Generating keypair
[20:46:31] [Server thread/INFO] (Minecraft) Starting Minecraft server on *:0
[20:46:32] [Server thread/INFO] (Minecraft) Preparing level "world"
[20:46:32] [Server thread/INFO] (Minecraft) Loading 0 persistent chunks...
[20:46:32] [Server thread/INFO] (Minecraft) Preparing spawn area: 100%
[20:46:32] [Server thread/INFO] (Minecraft) Time elapsed: 164 ms
[20:46:32] [Server thread/INFO] (Minecraft) Done (0.430s)! For help, type "help"
[20:46:32] [Server thread/INFO] (Minecraft) Saving chunks for level 'ServerLevel[world]'/minecraft:overworld
[20:46:32] [Server thread/INFO] (Minecraft) Saving chunks for level 'ServerLevel[world]'/minecraft:the_end
[20:46:32] [Server thread/INFO] (Minecraft) Saving chunks for level 'ServerLevel[world]'/minecraft:the_nether
[20:46:32] [Server thread/INFO] (Minecraft) ThreadedAnvilChunkStorage (world): All chunks are saved
[20:46:32] [Server thread/INFO] (Minecraft) ThreadedAnvilChunkStorage (DIM1): All chunks are saved
[20:46:32] [Server thread/INFO] (Minecraft) ThreadedAnvilChunkStorage (DIM-1): All chunks are saved
[20:46:32] [Server thread/INFO] (Minecraft) ThreadedAnvilChunkStorage: All dimensions are saved
SSA_S5_CRASH fixture=s5-after-journal-commit-before-wal-commit boundary=after_journal_commit_before_wal_commit exit=70

> Task :platform-fabric:runServer FAILED
14 actionable tasks: 3 executed, 11 up-to-date


FAILURE: Build failed with an exception.

* What went wrong:
Execution failed for task ':platform-fabric:runServer' (registered by plugin 'fabric-loom').
> Process 'command 'C:\Program Files\Eclipse Adoptium\jdk-25.0.4.7-hotspot\bin\java.exe'' finished with non-zero exit value 70

* Try:
> Run with --stacktrace option to get the stack trace.
> Run with --info or --debug option to get more log output.
> Run with --scan to get full insights from a Build Scan (powered by Develocity).
> Get more help at https://help.gradle.org.

BUILD FAILED in 15s

CASE=s5-after-journal-commit-before-wal-commit MODE=recover BOUNDARY=after_journal_commit_before_wal_commit
STARTED=2026-08-13T20:46:33.2186715+07:00
FINISHED=2026-08-13T20:46:49.2683927+07:00
GRADLE_EXIT_CODE=0
TIMED_OUT=False
To honour the JVM settings for this build a single-use Daemon process will be forked. For more on this, please refer to https://docs.gradle.org/9.5.1/userguide/gradle_daemon.html#sec:disabling_the_daemon in the Gradle documentation.
Daemon will be stopped at the end of the build

> Configure project :platform-fabric
Fabric Loom: 1.17.19

> Task :construction-core:processResources NO-SOURCE
> Task :minecraft-common:processResources NO-SOURCE
> Task :platform-fabric:processResources UP-TO-DATE
> Task :architect-core:compileJava UP-TO-DATE
> Task :architect-core:processResources UP-TO-DATE
> Task :architect-core:classes UP-TO-DATE
> Task :platform-fabric:deleteGameTestRunDir
> Task :architect-core:jar UP-TO-DATE
> Task :construction-core:compileJava UP-TO-DATE
> Task :platform-fabric:acceptGameTestEula
> Task :construction-core:classes UP-TO-DATE
> Task :platform-fabric:generateLog4jConfig UP-TO-DATE
> Task :construction-core:jar UP-TO-DATE
> Task :minecraft-common:compileJava UP-TO-DATE
> Task :platform-fabric:generateDLIConfig UP-TO-DATE
> Task :platform-fabric:configureLaunch
> Task :minecraft-common:classes UP-TO-DATE
> Task :minecraft-common:jar UP-TO-DATE
> Task :platform-fabric:compileJava UP-TO-DATE
> Task :platform-fabric:classes UP-TO-DATE

> Task :platform-fabric:runServer
[20:46:40] [main/INFO] (FabricLoader/GameProvider) Loading Minecraft 26.2 with Fabric Loader 0.19.3
[20:46:40] [main/INFO] (FabricLoader/Mappings) Mappings not present!
[20:46:40] [main/INFO] (FabricLoader) Loading 43 mods:
	- fabric-api 0.154.2+26.2
	   |-- fabric-key-mapping-api-v1 2.0.5+e2bdee789e
	   |-- fabric-model-loading-api-v1 8.0.15+c80601bb9e
	   |-- fabric-renderer-api-v1 14.1.2+2b0d8a229e
	   |-- fabric-renderer-indigo 9.1.2+2b0d8a229e
	   |-- fabric-rendering-v1 25.3.1+6988455e9e
	   |-- fabric-screen-api-v1 5.1.0+48e3c0b09e
	   \-- fabric-sound-api-v1 2.0.5+11a26f319e
	- fabric-api-base 2.0.4+ece063239e
	- fabric-api-lookup-api-v1 2.0.17+11e1c9a39e
	- fabric-biome-api-v1 18.0.6+c7bd5b8e9e
	- fabric-block-api-v1 3.0.3+ec56b6019e
	- fabric-block-getter-api-v2 2.0.7+ec56b6019e
	- fabric-command-api-v2 3.1.0+00cb03469e
	- fabric-content-registries-v0 11.2.2+b7a678a99e
	- fabric-convention-tags-v2 4.7.0+1f023a9e9e
	- fabric-crash-report-info-v1 1.0.5+086d547a9e
	- fabric-creative-tab-api-v1 5.0.14+d871b99e9e
	- fabric-data-attachment-api-v1 2.2.17+aa0fd6fe9e
	- fabric-data-generation-api-v1 25.4.4+9e7dc27f9e
	- fabric-debug-api-v1 1.0.2+c792624d9e
	- fabric-dimensions-v1 5.1.9+9cbf5da59e
	- fabric-entity-events-v1 5.0.5+06488ac19e
	- fabric-events-interaction-v0 5.2.6+8f57f7ee9e
	- fabric-game-rule-api-v1 4.0.8+46a6d00c9e
	- fabric-gametest-api-v1 4.0.21+4a7fa0819e
	- fabric-item-api-v1 14.2.0+7aec7be39e
	- fabric-lifecycle-events-v1 4.1.3+4575b05f9e
	- fabric-loot-api-v3 3.0.17+06488ac19e
	- fabric-menu-api-v1 2.0.16+086d547a9e
	- fabric-message-api-v1 7.0.7+086d547a9e
	- fabric-networking-api-v1 6.3.3+72073ef09e
	- fabric-object-builder-api-v1 24.1.0+6fcd5f039e
	- fabric-particles-v1 5.0.18+d1756aa99e
	- fabric-permission-api-v1 1.0.3+b7020ca29e
	- fabric-recipe-api-v1 9.0.20+11e1c9a39e
	- fabric-registry-sync-v0 7.1.0+c7bd5b8e9e
	- fabric-rendering-fluids-v1 6.0.4+06488ac19e
	- fabric-resource-conditions-api-v1 6.1.0+10e9a28b9e
	- fabric-resource-loader-v0 3.3.20+4fc5413f9e
	- fabric-resource-loader-v1 2.0.13+9edec1269e
	- fabric-serialization-api-v1 2.0.4+11a26f319e
	- fabric-tag-api-v1 2.1.3+794df31d9e
	- fabric-transfer-api-v1 8.0.11+39b5a3929e
	- fabric-transitive-access-wideners-v1 8.1.4+67c847259e
	- fabricloader 0.19.3
	- java 25
	- minecraft 26.2
	- mixinextras 0.5.4
	- smart_survival_architect 0.1.0-SNAPSHOT
[20:46:40] [main/INFO] (FabricLoader/Mixin) SpongePowered MIXIN Subsystem Version=0.8.7 Source=file:/C:/Users/clone/.gradle/caches/modules-2/files-2.1/net.fabricmc/sponge-mixin/0.17.3+mixin.0.8.7/41c4a3984a80f4679e759fb9f495587acc5cdac7/sponge-mixin-0.17.3+mixin.0.8.7.jar Service=Knot/Fabric Env=SERVER
[20:46:40] [main/INFO] (FabricLoader/Mixin) Compatibility level set to JAVA_25
[20:46:40] [main/INFO] (FabricLoader/MixinExtras|Service) Initializing MixinExtras via com.llamalad7.mixinextras.service.MixinExtrasServiceImpl(version=0.5.4).
[20:46:46] [main/INFO] (smart_survival_architect) SSA_S1_COMMON_READY block=smart_survival_architect:spike_marker
[20:46:46] [main/INFO] (Minecraft) Environment: Environment[sessionHost=https://sessionserver.mojang.com, servicesHost=https://api.minecraftservices.com, profilesHost=https://api.mojang.com, name=PROD]
[20:46:47] [main/INFO] (Minecraft) Loaded 1585 recipes
[20:46:47] [main/INFO] (Minecraft) Loaded 1688 advancements
[20:46:47] [main/INFO] (BiomeModificationImpl) Applied 0 biome modifications to 0 of 66 new biomes in 874.0 μs
[20:46:47] [Server thread/INFO] (Minecraft) Starting minecraft server version 26.2
[20:46:47] [Server thread/INFO] (Minecraft) Loading properties
[20:46:47] [Server thread/INFO] (Minecraft) Default game type: SURVIVAL
[20:46:47] [Server thread/INFO] (Minecraft) Generating keypair
[20:46:47] [Server thread/INFO] (Minecraft) Starting Minecraft server on *:0
[20:46:48] [Server thread/INFO] (Minecraft) Preparing level "world"
[20:46:48] [Server thread/INFO] (Minecraft) Loading 0 persistent chunks...
[20:46:48] [Server thread/INFO] (Minecraft) Preparing spawn area: 100%
[20:46:48] [Server thread/INFO] (Minecraft) Time elapsed: 52 ms
[20:46:48] [Server thread/INFO] (Minecraft) Done (0.281s)! For help, type "help"
[20:46:48] [Server thread/INFO] (Minecraft) Saving chunks for level 'ServerLevel[world]'/minecraft:overworld
[20:46:48] [Server thread/INFO] (Minecraft) Saving chunks for level 'ServerLevel[world]'/minecraft:the_end
[20:46:48] [Server thread/INFO] (Minecraft) Saving chunks for level 'ServerLevel[world]'/minecraft:the_nether
[20:46:48] [Server thread/INFO] (Minecraft) ThreadedAnvilChunkStorage (world): All chunks are saved
[20:46:48] [Server thread/INFO] (Minecraft) ThreadedAnvilChunkStorage (DIM1): All chunks are saved
[20:46:48] [Server thread/INFO] (Minecraft) ThreadedAnvilChunkStorage (DIM-1): All chunks are saved
[20:46:48] [Server thread/INFO] (Minecraft) ThreadedAnvilChunkStorage: All dimensions are saved
SSA_S5_RECOVERY fixture=s5-after-journal-commit-before-wal-commit boundary=after_journal_commit_before_wal_commit first=COMMITTED second=NO_ACTIVE_INTENT scheduled=true world=1ba9a355-6ca2-4319-b270-5008f5f9abf2 metadata=true exact=true
[20:46:48] [Server thread/INFO] (Minecraft) Stopping server
[20:46:48] [Server thread/INFO] (Minecraft) Saving players
[20:46:48] [Server thread/INFO] (Minecraft) Saving worlds
[20:46:48] [Server thread/INFO] (Minecraft) Saving chunks for level 'ServerLevel[world]'/minecraft:overworld
[20:46:48] [Server thread/INFO] (Minecraft) Saving chunks for level 'ServerLevel[world]'/minecraft:the_end
[20:46:48] [Server thread/INFO] (Minecraft) Saving chunks for level 'ServerLevel[world]'/minecraft:the_nether
[20:46:48] [Server thread/INFO] (Minecraft) ThreadedAnvilChunkStorage (world): All chunks are saved
[20:46:48] [Server thread/INFO] (Minecraft) ThreadedAnvilChunkStorage (DIM1): All chunks are saved
[20:46:48] [Server thread/INFO] (Minecraft) ThreadedAnvilChunkStorage (DIM-1): All chunks are saved
[20:46:48] [Server thread/INFO] (Minecraft) ThreadedAnvilChunkStorage: All dimensions are saved

BUILD SUCCESSFUL in 15s
14 actionable tasks: 3 executed, 11 up-to-date

CASE=s5-after-wal-commit-before-clear MODE=crash BOUNDARY=after_wal_commit_before_clear
STARTED=2026-08-13T20:46:49.2859073+07:00
FINISHED=2026-08-13T20:47:04.8924993+07:00
GRADLE_EXIT_CODE=1
TIMED_OUT=False
To honour the JVM settings for this build a single-use Daemon process will be forked. For more on this, please refer to https://docs.gradle.org/9.5.1/userguide/gradle_daemon.html#sec:disabling_the_daemon in the Gradle documentation.
Daemon will be stopped at the end of the build

> Configure project :platform-fabric
Fabric Loom: 1.17.19

> Task :minecraft-common:processResources NO-SOURCE
> Task :construction-core:processResources NO-SOURCE
> Task :platform-fabric:processResources UP-TO-DATE
> Task :architect-core:compileJava UP-TO-DATE
> Task :platform-fabric:deleteGameTestRunDir
> Task :architect-core:processResources UP-TO-DATE
> Task :architect-core:classes UP-TO-DATE
> Task :architect-core:jar UP-TO-DATE
> Task :platform-fabric:acceptGameTestEula
> Task :platform-fabric:generateLog4jConfig UP-TO-DATE
> Task :construction-core:compileJava UP-TO-DATE
> Task :construction-core:classes UP-TO-DATE
> Task :construction-core:jar UP-TO-DATE
> Task :platform-fabric:generateDLIConfig UP-TO-DATE
> Task :platform-fabric:configureLaunch
> Task :minecraft-common:compileJava UP-TO-DATE
> Task :minecraft-common:classes UP-TO-DATE
> Task :minecraft-common:jar UP-TO-DATE
> Task :platform-fabric:compileJava UP-TO-DATE
> Task :platform-fabric:classes UP-TO-DATE

> Task :platform-fabric:runServer
[20:46:56] [main/INFO] (FabricLoader/GameProvider) Loading Minecraft 26.2 with Fabric Loader 0.19.3
[20:46:56] [main/INFO] (FabricLoader/Mappings) Mappings not present!
[20:46:56] [main/INFO] (FabricLoader) Loading 43 mods:
	- fabric-api 0.154.2+26.2
	   |-- fabric-key-mapping-api-v1 2.0.5+e2bdee789e
	   |-- fabric-model-loading-api-v1 8.0.15+c80601bb9e
	   |-- fabric-renderer-api-v1 14.1.2+2b0d8a229e
	   |-- fabric-renderer-indigo 9.1.2+2b0d8a229e
	   |-- fabric-rendering-v1 25.3.1+6988455e9e
	   |-- fabric-screen-api-v1 5.1.0+48e3c0b09e
	   \-- fabric-sound-api-v1 2.0.5+11a26f319e
	- fabric-api-base 2.0.4+ece063239e
	- fabric-api-lookup-api-v1 2.0.17+11e1c9a39e
	- fabric-biome-api-v1 18.0.6+c7bd5b8e9e
	- fabric-block-api-v1 3.0.3+ec56b6019e
	- fabric-block-getter-api-v2 2.0.7+ec56b6019e
	- fabric-command-api-v2 3.1.0+00cb03469e
	- fabric-content-registries-v0 11.2.2+b7a678a99e
	- fabric-convention-tags-v2 4.7.0+1f023a9e9e
	- fabric-crash-report-info-v1 1.0.5+086d547a9e
	- fabric-creative-tab-api-v1 5.0.14+d871b99e9e
	- fabric-data-attachment-api-v1 2.2.17+aa0fd6fe9e
	- fabric-data-generation-api-v1 25.4.4+9e7dc27f9e
	- fabric-debug-api-v1 1.0.2+c792624d9e
	- fabric-dimensions-v1 5.1.9+9cbf5da59e
	- fabric-entity-events-v1 5.0.5+06488ac19e
	- fabric-events-interaction-v0 5.2.6+8f57f7ee9e
	- fabric-game-rule-api-v1 4.0.8+46a6d00c9e
	- fabric-gametest-api-v1 4.0.21+4a7fa0819e
	- fabric-item-api-v1 14.2.0+7aec7be39e
	- fabric-lifecycle-events-v1 4.1.3+4575b05f9e
	- fabric-loot-api-v3 3.0.17+06488ac19e
	- fabric-menu-api-v1 2.0.16+086d547a9e
	- fabric-message-api-v1 7.0.7+086d547a9e
	- fabric-networking-api-v1 6.3.3+72073ef09e
	- fabric-object-builder-api-v1 24.1.0+6fcd5f039e
	- fabric-particles-v1 5.0.18+d1756aa99e
	- fabric-permission-api-v1 1.0.3+b7020ca29e
	- fabric-recipe-api-v1 9.0.20+11e1c9a39e
	- fabric-registry-sync-v0 7.1.0+c7bd5b8e9e
	- fabric-rendering-fluids-v1 6.0.4+06488ac19e
	- fabric-resource-conditions-api-v1 6.1.0+10e9a28b9e
	- fabric-resource-loader-v0 3.3.20+4fc5413f9e
	- fabric-resource-loader-v1 2.0.13+9edec1269e
	- fabric-serialization-api-v1 2.0.4+11a26f319e
	- fabric-tag-api-v1 2.1.3+794df31d9e
	- fabric-transfer-api-v1 8.0.11+39b5a3929e
	- fabric-transitive-access-wideners-v1 8.1.4+67c847259e
	- fabricloader 0.19.3
	- java 25
	- minecraft 26.2
	- mixinextras 0.5.4
	- smart_survival_architect 0.1.0-SNAPSHOT
[20:46:56] [main/INFO] (FabricLoader/Mixin) SpongePowered MIXIN Subsystem Version=0.8.7 Source=file:/C:/Users/clone/.gradle/caches/modules-2/files-2.1/net.fabricmc/sponge-mixin/0.17.3+mixin.0.8.7/41c4a3984a80f4679e759fb9f495587acc5cdac7/sponge-mixin-0.17.3+mixin.0.8.7.jar Service=Knot/Fabric Env=SERVER
[20:46:56] [main/INFO] (FabricLoader/Mixin) Compatibility level set to JAVA_25
[20:46:56] [main/INFO] (FabricLoader/MixinExtras|Service) Initializing MixinExtras via com.llamalad7.mixinextras.service.MixinExtrasServiceImpl(version=0.5.4).
[20:47:01] [main/INFO] (smart_survival_architect) SSA_S1_COMMON_READY block=smart_survival_architect:spike_marker
[20:47:02] [main/INFO] (Minecraft) Environment: Environment[sessionHost=https://sessionserver.mojang.com, servicesHost=https://api.minecraftservices.com, profilesHost=https://api.mojang.com, name=PROD]
[20:47:03] [main/INFO] (Minecraft) Loaded 1585 recipes
[20:47:03] [main/INFO] (Minecraft) Loaded 1688 advancements
[20:47:03] [main/INFO] (BiomeModificationImpl) Applied 0 biome modifications to 0 of 66 new biomes in 1.538 ms
[20:47:03] [Server thread/INFO] (Minecraft) Starting minecraft server version 26.2
[20:47:03] [Server thread/INFO] (Minecraft) Loading properties
[20:47:03] [Server thread/INFO] (Minecraft) Default game type: SURVIVAL
[20:47:03] [Server thread/INFO] (Minecraft) Generating keypair
[20:47:03] [Server thread/INFO] (Minecraft) Starting Minecraft server on *:0
[20:47:03] [Server thread/INFO] (Minecraft) Preparing level "world"
[20:47:04] [Server thread/INFO] (Minecraft) Loading 0 persistent chunks...
[20:47:04] [Server thread/INFO] (Minecraft) Preparing spawn area: 100%
[20:47:04] [Server thread/INFO] (Minecraft) Time elapsed: 66 ms
[20:47:04] [Server thread/INFO] (Minecraft) Done (0.346s)! For help, type "help"
[20:47:04] [Server thread/INFO] (Minecraft) Saving chunks for level 'ServerLevel[world]'/minecraft:overworld
[20:47:04] [Server thread/INFO] (Minecraft) Saving chunks for level 'ServerLevel[world]'/minecraft:the_end
[20:47:04] [Server thread/INFO] (Minecraft) Saving chunks for level 'ServerLevel[world]'/minecraft:the_nether
[20:47:04] [Server thread/INFO] (Minecraft) ThreadedAnvilChunkStorage (world): All chunks are saved
[20:47:04] [Server thread/INFO] (Minecraft) ThreadedAnvilChunkStorage (DIM1): All chunks are saved
[20:47:04] [Server thread/INFO] (Minecraft) ThreadedAnvilChunkStorage (DIM-1): All chunks are saved
[20:47:04] [Server thread/INFO] (Minecraft) ThreadedAnvilChunkStorage: All dimensions are saved
SSA_S5_CRASH fixture=s5-after-wal-commit-before-clear boundary=after_wal_commit_before_clear exit=70

> Task :platform-fabric:runServer FAILED
14 actionable tasks: 3 executed, 11 up-to-date


FAILURE: Build failed with an exception.

* What went wrong:
Execution failed for task ':platform-fabric:runServer' (registered by plugin 'fabric-loom').
> Process 'command 'C:\Program Files\Eclipse Adoptium\jdk-25.0.4.7-hotspot\bin\java.exe'' finished with non-zero exit value 70

* Try:
> Run with --stacktrace option to get the stack trace.
> Run with --info or --debug option to get more log output.
> Run with --scan to get full insights from a Build Scan (powered by Develocity).
> Get more help at https://help.gradle.org.

BUILD FAILED in 15s

CASE=s5-after-wal-commit-before-clear MODE=recover BOUNDARY=after_wal_commit_before_clear
STARTED=2026-08-13T20:47:04.8944999+07:00
FINISHED=2026-08-13T20:47:20.2530696+07:00
GRADLE_EXIT_CODE=0
TIMED_OUT=False
To honour the JVM settings for this build a single-use Daemon process will be forked. For more on this, please refer to https://docs.gradle.org/9.5.1/userguide/gradle_daemon.html#sec:disabling_the_daemon in the Gradle documentation.
Daemon will be stopped at the end of the build

> Configure project :platform-fabric
Fabric Loom: 1.17.19

> Task :construction-core:processResources NO-SOURCE
> Task :minecraft-common:processResources NO-SOURCE
> Task :platform-fabric:processResources UP-TO-DATE
> Task :architect-core:compileJava UP-TO-DATE
> Task :platform-fabric:deleteGameTestRunDir
> Task :architect-core:processResources UP-TO-DATE
> Task :architect-core:classes UP-TO-DATE
> Task :architect-core:jar UP-TO-DATE
> Task :platform-fabric:acceptGameTestEula
> Task :platform-fabric:generateLog4jConfig UP-TO-DATE
> Task :construction-core:compileJava UP-TO-DATE
> Task :construction-core:classes UP-TO-DATE
> Task :construction-core:jar UP-TO-DATE
> Task :platform-fabric:generateDLIConfig UP-TO-DATE
> Task :platform-fabric:configureLaunch
> Task :minecraft-common:compileJava UP-TO-DATE
> Task :minecraft-common:classes UP-TO-DATE
> Task :minecraft-common:jar UP-TO-DATE
> Task :platform-fabric:compileJava UP-TO-DATE
> Task :platform-fabric:classes UP-TO-DATE

> Task :platform-fabric:runServer
[20:47:11] [main/INFO] (FabricLoader/GameProvider) Loading Minecraft 26.2 with Fabric Loader 0.19.3
[20:47:11] [main/INFO] (FabricLoader/Mappings) Mappings not present!
[20:47:11] [main/INFO] (FabricLoader) Loading 43 mods:
	- fabric-api 0.154.2+26.2
	   |-- fabric-key-mapping-api-v1 2.0.5+e2bdee789e
	   |-- fabric-model-loading-api-v1 8.0.15+c80601bb9e
	   |-- fabric-renderer-api-v1 14.1.2+2b0d8a229e
	   |-- fabric-renderer-indigo 9.1.2+2b0d8a229e
	   |-- fabric-rendering-v1 25.3.1+6988455e9e
	   |-- fabric-screen-api-v1 5.1.0+48e3c0b09e
	   \-- fabric-sound-api-v1 2.0.5+11a26f319e
	- fabric-api-base 2.0.4+ece063239e
	- fabric-api-lookup-api-v1 2.0.17+11e1c9a39e
	- fabric-biome-api-v1 18.0.6+c7bd5b8e9e
	- fabric-block-api-v1 3.0.3+ec56b6019e
	- fabric-block-getter-api-v2 2.0.7+ec56b6019e
	- fabric-command-api-v2 3.1.0+00cb03469e
	- fabric-content-registries-v0 11.2.2+b7a678a99e
	- fabric-convention-tags-v2 4.7.0+1f023a9e9e
	- fabric-crash-report-info-v1 1.0.5+086d547a9e
	- fabric-creative-tab-api-v1 5.0.14+d871b99e9e
	- fabric-data-attachment-api-v1 2.2.17+aa0fd6fe9e
	- fabric-data-generation-api-v1 25.4.4+9e7dc27f9e
	- fabric-debug-api-v1 1.0.2+c792624d9e
	- fabric-dimensions-v1 5.1.9+9cbf5da59e
	- fabric-entity-events-v1 5.0.5+06488ac19e
	- fabric-events-interaction-v0 5.2.6+8f57f7ee9e
	- fabric-game-rule-api-v1 4.0.8+46a6d00c9e
	- fabric-gametest-api-v1 4.0.21+4a7fa0819e
	- fabric-item-api-v1 14.2.0+7aec7be39e
	- fabric-lifecycle-events-v1 4.1.3+4575b05f9e
	- fabric-loot-api-v3 3.0.17+06488ac19e
	- fabric-menu-api-v1 2.0.16+086d547a9e
	- fabric-message-api-v1 7.0.7+086d547a9e
	- fabric-networking-api-v1 6.3.3+72073ef09e
	- fabric-object-builder-api-v1 24.1.0+6fcd5f039e
	- fabric-particles-v1 5.0.18+d1756aa99e
	- fabric-permission-api-v1 1.0.3+b7020ca29e
	- fabric-recipe-api-v1 9.0.20+11e1c9a39e
	- fabric-registry-sync-v0 7.1.0+c7bd5b8e9e
	- fabric-rendering-fluids-v1 6.0.4+06488ac19e
	- fabric-resource-conditions-api-v1 6.1.0+10e9a28b9e
	- fabric-resource-loader-v0 3.3.20+4fc5413f9e
	- fabric-resource-loader-v1 2.0.13+9edec1269e
	- fabric-serialization-api-v1 2.0.4+11a26f319e
	- fabric-tag-api-v1 2.1.3+794df31d9e
	- fabric-transfer-api-v1 8.0.11+39b5a3929e
	- fabric-transitive-access-wideners-v1 8.1.4+67c847259e
	- fabricloader 0.19.3
	- java 25
	- minecraft 26.2
	- mixinextras 0.5.4
	- smart_survival_architect 0.1.0-SNAPSHOT
[20:47:11] [main/INFO] (FabricLoader/Mixin) SpongePowered MIXIN Subsystem Version=0.8.7 Source=file:/C:/Users/clone/.gradle/caches/modules-2/files-2.1/net.fabricmc/sponge-mixin/0.17.3+mixin.0.8.7/41c4a3984a80f4679e759fb9f495587acc5cdac7/sponge-mixin-0.17.3+mixin.0.8.7.jar Service=Knot/Fabric Env=SERVER
[20:47:11] [main/INFO] (FabricLoader/Mixin) Compatibility level set to JAVA_25
[20:47:12] [main/INFO] (FabricLoader/MixinExtras|Service) Initializing MixinExtras via com.llamalad7.mixinextras.service.MixinExtrasServiceImpl(version=0.5.4).
[20:47:17] [main/INFO] (smart_survival_architect) SSA_S1_COMMON_READY block=smart_survival_architect:spike_marker
[20:47:17] [main/INFO] (Minecraft) Environment: Environment[sessionHost=https://sessionserver.mojang.com, servicesHost=https://api.minecraftservices.com, profilesHost=https://api.mojang.com, name=PROD]
[20:47:18] [main/INFO] (Minecraft) Loaded 1585 recipes
[20:47:18] [main/INFO] (Minecraft) Loaded 1688 advancements
[20:47:18] [main/INFO] (BiomeModificationImpl) Applied 0 biome modifications to 0 of 66 new biomes in 1.365 ms
[20:47:18] [Server thread/INFO] (Minecraft) Starting minecraft server version 26.2
[20:47:18] [Server thread/INFO] (Minecraft) Loading properties
[20:47:18] [Server thread/INFO] (Minecraft) Default game type: SURVIVAL
[20:47:18] [Server thread/INFO] (Minecraft) Generating keypair
[20:47:18] [Server thread/INFO] (Minecraft) Starting Minecraft server on *:0
[20:47:19] [Server thread/INFO] (Minecraft) Preparing level "world"
[20:47:19] [Server thread/INFO] (Minecraft) Loading 0 persistent chunks...
[20:47:19] [Server thread/INFO] (Minecraft) Preparing spawn area: 100%
[20:47:19] [Server thread/INFO] (Minecraft) Time elapsed: 47 ms
[20:47:19] [Server thread/INFO] (Minecraft) Done (0.269s)! For help, type "help"
[20:47:19] [Server thread/INFO] (Minecraft) Saving chunks for level 'ServerLevel[world]'/minecraft:overworld
[20:47:19] [Server thread/INFO] (Minecraft) Saving chunks for level 'ServerLevel[world]'/minecraft:the_end
[20:47:19] [Server thread/INFO] (Minecraft) Saving chunks for level 'ServerLevel[world]'/minecraft:the_nether
[20:47:19] [Server thread/INFO] (Minecraft) ThreadedAnvilChunkStorage (world): All chunks are saved
[20:47:19] [Server thread/INFO] (Minecraft) ThreadedAnvilChunkStorage (DIM1): All chunks are saved
[20:47:19] [Server thread/INFO] (Minecraft) ThreadedAnvilChunkStorage (DIM-1): All chunks are saved
[20:47:19] [Server thread/INFO] (Minecraft) ThreadedAnvilChunkStorage: All dimensions are saved
SSA_S5_RECOVERY fixture=s5-after-wal-commit-before-clear boundary=after_wal_commit_before_clear first=COMMITTED second=NO_ACTIVE_INTENT scheduled=true world=1ba9a355-6ca2-4319-b270-5008f5f9abf2 metadata=true exact=true
[20:47:19] [Server thread/INFO] (Minecraft) Stopping server
[20:47:19] [Server thread/INFO] (Minecraft) Saving players
[20:47:19] [Server thread/INFO] (Minecraft) Saving worlds
[20:47:19] [Server thread/INFO] (Minecraft) Saving chunks for level 'ServerLevel[world]'/minecraft:overworld
[20:47:19] [Server thread/INFO] (Minecraft) Saving chunks for level 'ServerLevel[world]'/minecraft:the_end
[20:47:19] [Server thread/INFO] (Minecraft) Saving chunks for level 'ServerLevel[world]'/minecraft:the_nether
[20:47:19] [Server thread/INFO] (Minecraft) ThreadedAnvilChunkStorage (world): All chunks are saved
[20:47:19] [Server thread/INFO] (Minecraft) ThreadedAnvilChunkStorage (DIM1): All chunks are saved
[20:47:19] [Server thread/INFO] (Minecraft) ThreadedAnvilChunkStorage (DIM-1): All chunks are saved
[20:47:19] [Server thread/INFO] (Minecraft) ThreadedAnvilChunkStorage: All dimensions are saved

BUILD SUCCESSFUL in 15s
14 actionable tasks: 3 executed, 11 up-to-date

CASE=s5-after-clear-checkpoint MODE=crash BOUNDARY=after_clear_checkpoint
STARTED=2026-08-13T20:47:20.2710993+07:00
FINISHED=2026-08-13T20:47:36.1854361+07:00
GRADLE_EXIT_CODE=1
TIMED_OUT=False
To honour the JVM settings for this build a single-use Daemon process will be forked. For more on this, please refer to https://docs.gradle.org/9.5.1/userguide/gradle_daemon.html#sec:disabling_the_daemon in the Gradle documentation.
Daemon will be stopped at the end of the build

> Configure project :platform-fabric
Fabric Loom: 1.17.19

> Task :minecraft-common:processResources NO-SOURCE
> Task :construction-core:processResources NO-SOURCE
> Task :platform-fabric:processResources UP-TO-DATE
> Task :architect-core:compileJava UP-TO-DATE
> Task :platform-fabric:deleteGameTestRunDir
> Task :architect-core:processResources UP-TO-DATE
> Task :architect-core:classes UP-TO-DATE
> Task :architect-core:jar UP-TO-DATE
> Task :platform-fabric:acceptGameTestEula
> Task :platform-fabric:generateLog4jConfig UP-TO-DATE
> Task :construction-core:compileJava UP-TO-DATE
> Task :construction-core:classes UP-TO-DATE
> Task :construction-core:jar UP-TO-DATE
> Task :platform-fabric:generateDLIConfig UP-TO-DATE
> Task :platform-fabric:configureLaunch
> Task :minecraft-common:compileJava UP-TO-DATE
> Task :minecraft-common:classes UP-TO-DATE
> Task :minecraft-common:jar UP-TO-DATE
> Task :platform-fabric:compileJava UP-TO-DATE
> Task :platform-fabric:classes UP-TO-DATE

> Task :platform-fabric:runServer
[20:47:27] [main/INFO] (FabricLoader/GameProvider) Loading Minecraft 26.2 with Fabric Loader 0.19.3
[20:47:27] [main/INFO] (FabricLoader/Mappings) Mappings not present!
[20:47:27] [main/INFO] (FabricLoader) Loading 43 mods:
	- fabric-api 0.154.2+26.2
	   |-- fabric-key-mapping-api-v1 2.0.5+e2bdee789e
	   |-- fabric-model-loading-api-v1 8.0.15+c80601bb9e
	   |-- fabric-renderer-api-v1 14.1.2+2b0d8a229e
	   |-- fabric-renderer-indigo 9.1.2+2b0d8a229e
	   |-- fabric-rendering-v1 25.3.1+6988455e9e
	   |-- fabric-screen-api-v1 5.1.0+48e3c0b09e
	   \-- fabric-sound-api-v1 2.0.5+11a26f319e
	- fabric-api-base 2.0.4+ece063239e
	- fabric-api-lookup-api-v1 2.0.17+11e1c9a39e
	- fabric-biome-api-v1 18.0.6+c7bd5b8e9e
	- fabric-block-api-v1 3.0.3+ec56b6019e
	- fabric-block-getter-api-v2 2.0.7+ec56b6019e
	- fabric-command-api-v2 3.1.0+00cb03469e
	- fabric-content-registries-v0 11.2.2+b7a678a99e
	- fabric-convention-tags-v2 4.7.0+1f023a9e9e
	- fabric-crash-report-info-v1 1.0.5+086d547a9e
	- fabric-creative-tab-api-v1 5.0.14+d871b99e9e
	- fabric-data-attachment-api-v1 2.2.17+aa0fd6fe9e
	- fabric-data-generation-api-v1 25.4.4+9e7dc27f9e
	- fabric-debug-api-v1 1.0.2+c792624d9e
	- fabric-dimensions-v1 5.1.9+9cbf5da59e
	- fabric-entity-events-v1 5.0.5+06488ac19e
	- fabric-events-interaction-v0 5.2.6+8f57f7ee9e
	- fabric-game-rule-api-v1 4.0.8+46a6d00c9e
	- fabric-gametest-api-v1 4.0.21+4a7fa0819e
	- fabric-item-api-v1 14.2.0+7aec7be39e
	- fabric-lifecycle-events-v1 4.1.3+4575b05f9e
	- fabric-loot-api-v3 3.0.17+06488ac19e
	- fabric-menu-api-v1 2.0.16+086d547a9e
	- fabric-message-api-v1 7.0.7+086d547a9e
	- fabric-networking-api-v1 6.3.3+72073ef09e
	- fabric-object-builder-api-v1 24.1.0+6fcd5f039e
	- fabric-particles-v1 5.0.18+d1756aa99e
	- fabric-permission-api-v1 1.0.3+b7020ca29e
	- fabric-recipe-api-v1 9.0.20+11e1c9a39e
	- fabric-registry-sync-v0 7.1.0+c7bd5b8e9e
	- fabric-rendering-fluids-v1 6.0.4+06488ac19e
	- fabric-resource-conditions-api-v1 6.1.0+10e9a28b9e
	- fabric-resource-loader-v0 3.3.20+4fc5413f9e
	- fabric-resource-loader-v1 2.0.13+9edec1269e
	- fabric-serialization-api-v1 2.0.4+11a26f319e
	- fabric-tag-api-v1 2.1.3+794df31d9e
	- fabric-transfer-api-v1 8.0.11+39b5a3929e
	- fabric-transitive-access-wideners-v1 8.1.4+67c847259e
	- fabricloader 0.19.3
	- java 25
	- minecraft 26.2
	- mixinextras 0.5.4
	- smart_survival_architect 0.1.0-SNAPSHOT
[20:47:27] [main/INFO] (FabricLoader/Mixin) SpongePowered MIXIN Subsystem Version=0.8.7 Source=file:/C:/Users/clone/.gradle/caches/modules-2/files-2.1/net.fabricmc/sponge-mixin/0.17.3+mixin.0.8.7/41c4a3984a80f4679e759fb9f495587acc5cdac7/sponge-mixin-0.17.3+mixin.0.8.7.jar Service=Knot/Fabric Env=SERVER
[20:47:27] [main/INFO] (FabricLoader/Mixin) Compatibility level set to JAVA_25
[20:47:27] [main/INFO] (FabricLoader/MixinExtras|Service) Initializing MixinExtras via com.llamalad7.mixinextras.service.MixinExtrasServiceImpl(version=0.5.4).
[20:47:33] [main/INFO] (smart_survival_architect) SSA_S1_COMMON_READY block=smart_survival_architect:spike_marker
[20:47:33] [main/INFO] (Minecraft) Environment: Environment[sessionHost=https://sessionserver.mojang.com, servicesHost=https://api.minecraftservices.com, profilesHost=https://api.mojang.com, name=PROD]
[20:47:34] [main/INFO] (Minecraft) Loaded 1585 recipes
[20:47:34] [main/INFO] (Minecraft) Loaded 1688 advancements
[20:47:35] [main/INFO] (BiomeModificationImpl) Applied 0 biome modifications to 0 of 66 new biomes in 1.149 ms
[20:47:35] [Server thread/INFO] (Minecraft) Starting minecraft server version 26.2
[20:47:35] [Server thread/INFO] (Minecraft) Loading properties
[20:47:35] [Server thread/INFO] (Minecraft) Default game type: SURVIVAL
[20:47:35] [Server thread/INFO] (Minecraft) Generating keypair
[20:47:35] [Server thread/INFO] (Minecraft) Starting Minecraft server on *:0
[20:47:35] [Server thread/INFO] (Minecraft) Preparing level "world"
[20:47:35] [Server thread/INFO] (Minecraft) Loading 0 persistent chunks...
[20:47:35] [Server thread/INFO] (Minecraft) Preparing spawn area: 100%
[20:47:35] [Server thread/INFO] (Minecraft) Time elapsed: 49 ms
[20:47:35] [Server thread/INFO] (Minecraft) Done (0.270s)! For help, type "help"
[20:47:35] [Server thread/INFO] (Minecraft) Saving chunks for level 'ServerLevel[world]'/minecraft:overworld
[20:47:35] [Server thread/INFO] (Minecraft) Saving chunks for level 'ServerLevel[world]'/minecraft:the_nether
[20:47:35] [Server thread/INFO] (Minecraft) Saving chunks for level 'ServerLevel[world]'/minecraft:the_end
[20:47:35] [Server thread/INFO] (Minecraft) ThreadedAnvilChunkStorage (world): All chunks are saved
[20:47:35] [Server thread/INFO] (Minecraft) ThreadedAnvilChunkStorage (DIM-1): All chunks are saved
[20:47:35] [Server thread/INFO] (Minecraft) ThreadedAnvilChunkStorage (DIM1): All chunks are saved
[20:47:35] [Server thread/INFO] (Minecraft) ThreadedAnvilChunkStorage: All dimensions are saved
SSA_S5_CRASH fixture=s5-after-clear-checkpoint boundary=after_clear_checkpoint exit=70

> Task :platform-fabric:runServer FAILED
14 actionable tasks: 3 executed, 11 up-to-date


FAILURE: Build failed with an exception.

* What went wrong:
Execution failed for task ':platform-fabric:runServer' (registered by plugin 'fabric-loom').
> Process 'command 'C:\Program Files\Eclipse Adoptium\jdk-25.0.4.7-hotspot\bin\java.exe'' finished with non-zero exit value 70

* Try:
> Run with --stacktrace option to get the stack trace.
> Run with --info or --debug option to get more log output.
> Run with --scan to get full insights from a Build Scan (powered by Develocity).
> Get more help at https://help.gradle.org.

BUILD FAILED in 15s

CASE=s5-after-clear-checkpoint MODE=recover BOUNDARY=after_clear_checkpoint
STARTED=2026-08-13T20:47:36.1939455+07:00
FINISHED=2026-08-13T20:47:51.8748239+07:00
GRADLE_EXIT_CODE=0
TIMED_OUT=False
To honour the JVM settings for this build a single-use Daemon process will be forked. For more on this, please refer to https://docs.gradle.org/9.5.1/userguide/gradle_daemon.html#sec:disabling_the_daemon in the Gradle documentation.
Daemon will be stopped at the end of the build

> Configure project :platform-fabric
Fabric Loom: 1.17.19

> Task :minecraft-common:processResources NO-SOURCE
> Task :construction-core:processResources NO-SOURCE
> Task :platform-fabric:processResources UP-TO-DATE
> Task :architect-core:compileJava UP-TO-DATE
> Task :architect-core:processResources UP-TO-DATE
> Task :architect-core:classes UP-TO-DATE
> Task :platform-fabric:deleteGameTestRunDir
> Task :architect-core:jar UP-TO-DATE
> Task :construction-core:compileJava UP-TO-DATE
> Task :construction-core:classes UP-TO-DATE
> Task :platform-fabric:acceptGameTestEula
> Task :platform-fabric:generateLog4jConfig UP-TO-DATE
> Task :construction-core:jar UP-TO-DATE
> Task :minecraft-common:compileJava UP-TO-DATE
> Task :minecraft-common:classes UP-TO-DATE
> Task :platform-fabric:generateDLIConfig UP-TO-DATE
> Task :minecraft-common:jar UP-TO-DATE
> Task :platform-fabric:compileJava UP-TO-DATE
> Task :platform-fabric:classes UP-TO-DATE
> Task :platform-fabric:configureLaunch

> Task :platform-fabric:runServer
[20:47:42] [main/INFO] (FabricLoader/GameProvider) Loading Minecraft 26.2 with Fabric Loader 0.19.3
[20:47:42] [main/INFO] (FabricLoader/Mappings) Mappings not present!
[20:47:43] [main/INFO] (FabricLoader) Loading 43 mods:
	- fabric-api 0.154.2+26.2
	   |-- fabric-key-mapping-api-v1 2.0.5+e2bdee789e
	   |-- fabric-model-loading-api-v1 8.0.15+c80601bb9e
	   |-- fabric-renderer-api-v1 14.1.2+2b0d8a229e
	   |-- fabric-renderer-indigo 9.1.2+2b0d8a229e
	   |-- fabric-rendering-v1 25.3.1+6988455e9e
	   |-- fabric-screen-api-v1 5.1.0+48e3c0b09e
	   \-- fabric-sound-api-v1 2.0.5+11a26f319e
	- fabric-api-base 2.0.4+ece063239e
	- fabric-api-lookup-api-v1 2.0.17+11e1c9a39e
	- fabric-biome-api-v1 18.0.6+c7bd5b8e9e
	- fabric-block-api-v1 3.0.3+ec56b6019e
	- fabric-block-getter-api-v2 2.0.7+ec56b6019e
	- fabric-command-api-v2 3.1.0+00cb03469e
	- fabric-content-registries-v0 11.2.2+b7a678a99e
	- fabric-convention-tags-v2 4.7.0+1f023a9e9e
	- fabric-crash-report-info-v1 1.0.5+086d547a9e
	- fabric-creative-tab-api-v1 5.0.14+d871b99e9e
	- fabric-data-attachment-api-v1 2.2.17+aa0fd6fe9e
	- fabric-data-generation-api-v1 25.4.4+9e7dc27f9e
	- fabric-debug-api-v1 1.0.2+c792624d9e
	- fabric-dimensions-v1 5.1.9+9cbf5da59e
	- fabric-entity-events-v1 5.0.5+06488ac19e
	- fabric-events-interaction-v0 5.2.6+8f57f7ee9e
	- fabric-game-rule-api-v1 4.0.8+46a6d00c9e
	- fabric-gametest-api-v1 4.0.21+4a7fa0819e
	- fabric-item-api-v1 14.2.0+7aec7be39e
	- fabric-lifecycle-events-v1 4.1.3+4575b05f9e
	- fabric-loot-api-v3 3.0.17+06488ac19e
	- fabric-menu-api-v1 2.0.16+086d547a9e
	- fabric-message-api-v1 7.0.7+086d547a9e
	- fabric-networking-api-v1 6.3.3+72073ef09e
	- fabric-object-builder-api-v1 24.1.0+6fcd5f039e
	- fabric-particles-v1 5.0.18+d1756aa99e
	- fabric-permission-api-v1 1.0.3+b7020ca29e
	- fabric-recipe-api-v1 9.0.20+11e1c9a39e
	- fabric-registry-sync-v0 7.1.0+c7bd5b8e9e
	- fabric-rendering-fluids-v1 6.0.4+06488ac19e
	- fabric-resource-conditions-api-v1 6.1.0+10e9a28b9e
	- fabric-resource-loader-v0 3.3.20+4fc5413f9e
	- fabric-resource-loader-v1 2.0.13+9edec1269e
	- fabric-serialization-api-v1 2.0.4+11a26f319e
	- fabric-tag-api-v1 2.1.3+794df31d9e
	- fabric-transfer-api-v1 8.0.11+39b5a3929e
	- fabric-transitive-access-wideners-v1 8.1.4+67c847259e
	- fabricloader 0.19.3
	- java 25
	- minecraft 26.2
	- mixinextras 0.5.4
	- smart_survival_architect 0.1.0-SNAPSHOT
[20:47:43] [main/INFO] (FabricLoader/Mixin) SpongePowered MIXIN Subsystem Version=0.8.7 Source=file:/C:/Users/clone/.gradle/caches/modules-2/files-2.1/net.fabricmc/sponge-mixin/0.17.3+mixin.0.8.7/41c4a3984a80f4679e759fb9f495587acc5cdac7/sponge-mixin-0.17.3+mixin.0.8.7.jar Service=Knot/Fabric Env=SERVER
[20:47:43] [main/INFO] (FabricLoader/Mixin) Compatibility level set to JAVA_25
[20:47:43] [main/INFO] (FabricLoader/MixinExtras|Service) Initializing MixinExtras via com.llamalad7.mixinextras.service.MixinExtrasServiceImpl(version=0.5.4).
[20:47:48] [main/INFO] (smart_survival_architect) SSA_S1_COMMON_READY block=smart_survival_architect:spike_marker
[20:47:48] [main/INFO] (Minecraft) Environment: Environment[sessionHost=https://sessionserver.mojang.com, servicesHost=https://api.minecraftservices.com, profilesHost=https://api.mojang.com, name=PROD]
[20:47:50] [main/INFO] (Minecraft) Loaded 1585 recipes
[20:47:50] [main/INFO] (Minecraft) Loaded 1688 advancements
[20:47:50] [main/INFO] (BiomeModificationImpl) Applied 0 biome modifications to 0 of 66 new biomes in 1.087 ms
[20:47:50] [Server thread/INFO] (Minecraft) Starting minecraft server version 26.2
[20:47:50] [Server thread/INFO] (Minecraft) Loading properties
[20:47:50] [Server thread/INFO] (Minecraft) Default game type: SURVIVAL
[20:47:50] [Server thread/INFO] (Minecraft) Generating keypair
[20:47:50] [Server thread/INFO] (Minecraft) Starting Minecraft server on *:0
[20:47:50] [Server thread/INFO] (Minecraft) Preparing level "world"
[20:47:50] [Server thread/INFO] (Minecraft) Loading 0 persistent chunks...
[20:47:50] [Server thread/INFO] (Minecraft) Preparing spawn area: 100%
[20:47:50] [Server thread/INFO] (Minecraft) Time elapsed: 64 ms
[20:47:50] [Server thread/INFO] (Minecraft) Done (0.358s)! For help, type "help"
[20:47:50] [Server thread/INFO] (Minecraft) Saving chunks for level 'ServerLevel[world]'/minecraft:overworld
[20:47:51] [Server thread/INFO] (Minecraft) Saving chunks for level 'ServerLevel[world]'/minecraft:the_end
[20:47:51] [Server thread/INFO] (Minecraft) Saving chunks for level 'ServerLevel[world]'/minecraft:the_nether
[20:47:51] [Server thread/INFO] (Minecraft) ThreadedAnvilChunkStorage (world): All chunks are saved
[20:47:51] [Server thread/INFO] (Minecraft) ThreadedAnvilChunkStorage (DIM1): All chunks are saved
[20:47:51] [Server thread/INFO] (Minecraft) ThreadedAnvilChunkStorage (DIM-1): All chunks are saved
[20:47:51] [Server thread/INFO] (Minecraft) ThreadedAnvilChunkStorage: All dimensions are saved
SSA_S5_RECOVERY fixture=s5-after-clear-checkpoint boundary=after_clear_checkpoint first=NO_ACTIVE_INTENT second=NO_ACTIVE_INTENT scheduled=true world=1ba9a355-6ca2-4319-b270-5008f5f9abf2 metadata=true exact=true
[20:47:51] [Server thread/INFO] (Minecraft) Stopping server
[20:47:51] [Server thread/INFO] (Minecraft) Saving players
[20:47:51] [Server thread/INFO] (Minecraft) Saving worlds
[20:47:51] [Server thread/INFO] (Minecraft) Saving chunks for level 'ServerLevel[world]'/minecraft:overworld
[20:47:51] [Server thread/INFO] (Minecraft) Saving chunks for level 'ServerLevel[world]'/minecraft:the_end
[20:47:51] [Server thread/INFO] (Minecraft) Saving chunks for level 'ServerLevel[world]'/minecraft:the_nether
[20:47:51] [Server thread/INFO] (Minecraft) ThreadedAnvilChunkStorage (world): All chunks are saved
[20:47:51] [Server thread/INFO] (Minecraft) ThreadedAnvilChunkStorage (DIM1): All chunks are saved
[20:47:51] [Server thread/INFO] (Minecraft) ThreadedAnvilChunkStorage (DIM-1): All chunks are saved
[20:47:51] [Server thread/INFO] (Minecraft) ThreadedAnvilChunkStorage: All dimensions are saved

BUILD SUCCESSFUL in 15s
14 actionable tasks: 3 executed, 11 up-to-date

CASE=s5-foreign-evidence MODE=crash BOUNDARY=foreign_evidence
STARTED=2026-08-13T20:47:51.8928574+07:00
FINISHED=2026-08-13T20:48:07.5790590+07:00
GRADLE_EXIT_CODE=1
TIMED_OUT=False
To honour the JVM settings for this build a single-use Daemon process will be forked. For more on this, please refer to https://docs.gradle.org/9.5.1/userguide/gradle_daemon.html#sec:disabling_the_daemon in the Gradle documentation.
Daemon will be stopped at the end of the build

> Configure project :platform-fabric
Fabric Loom: 1.17.19

> Task :minecraft-common:processResources NO-SOURCE
> Task :construction-core:processResources NO-SOURCE
> Task :platform-fabric:processResources UP-TO-DATE
> Task :architect-core:compileJava UP-TO-DATE
> Task :platform-fabric:deleteGameTestRunDir
> Task :architect-core:processResources UP-TO-DATE
> Task :architect-core:classes UP-TO-DATE
> Task :architect-core:jar UP-TO-DATE
> Task :construction-core:compileJava UP-TO-DATE
> Task :platform-fabric:acceptGameTestEula
> Task :construction-core:classes UP-TO-DATE
> Task :platform-fabric:generateLog4jConfig UP-TO-DATE
> Task :construction-core:jar UP-TO-DATE
> Task :minecraft-common:compileJava UP-TO-DATE
> Task :minecraft-common:classes UP-TO-DATE
> Task :platform-fabric:generateDLIConfig UP-TO-DATE
> Task :minecraft-common:jar UP-TO-DATE
> Task :platform-fabric:compileJava UP-TO-DATE
> Task :platform-fabric:classes UP-TO-DATE
> Task :platform-fabric:configureLaunch

> Task :platform-fabric:runServer
[20:47:58] [main/INFO] (FabricLoader/GameProvider) Loading Minecraft 26.2 with Fabric Loader 0.19.3
[20:47:58] [main/INFO] (FabricLoader/Mappings) Mappings not present!
[20:47:58] [main/INFO] (FabricLoader) Loading 43 mods:
	- fabric-api 0.154.2+26.2
	   |-- fabric-key-mapping-api-v1 2.0.5+e2bdee789e
	   |-- fabric-model-loading-api-v1 8.0.15+c80601bb9e
	   |-- fabric-renderer-api-v1 14.1.2+2b0d8a229e
	   |-- fabric-renderer-indigo 9.1.2+2b0d8a229e
	   |-- fabric-rendering-v1 25.3.1+6988455e9e
	   |-- fabric-screen-api-v1 5.1.0+48e3c0b09e
	   \-- fabric-sound-api-v1 2.0.5+11a26f319e
	- fabric-api-base 2.0.4+ece063239e
	- fabric-api-lookup-api-v1 2.0.17+11e1c9a39e
	- fabric-biome-api-v1 18.0.6+c7bd5b8e9e
	- fabric-block-api-v1 3.0.3+ec56b6019e
	- fabric-block-getter-api-v2 2.0.7+ec56b6019e
	- fabric-command-api-v2 3.1.0+00cb03469e
	- fabric-content-registries-v0 11.2.2+b7a678a99e
	- fabric-convention-tags-v2 4.7.0+1f023a9e9e
	- fabric-crash-report-info-v1 1.0.5+086d547a9e
	- fabric-creative-tab-api-v1 5.0.14+d871b99e9e
	- fabric-data-attachment-api-v1 2.2.17+aa0fd6fe9e
	- fabric-data-generation-api-v1 25.4.4+9e7dc27f9e
	- fabric-debug-api-v1 1.0.2+c792624d9e
	- fabric-dimensions-v1 5.1.9+9cbf5da59e
	- fabric-entity-events-v1 5.0.5+06488ac19e
	- fabric-events-interaction-v0 5.2.6+8f57f7ee9e
	- fabric-game-rule-api-v1 4.0.8+46a6d00c9e
	- fabric-gametest-api-v1 4.0.21+4a7fa0819e
	- fabric-item-api-v1 14.2.0+7aec7be39e
	- fabric-lifecycle-events-v1 4.1.3+4575b05f9e
	- fabric-loot-api-v3 3.0.17+06488ac19e
	- fabric-menu-api-v1 2.0.16+086d547a9e
	- fabric-message-api-v1 7.0.7+086d547a9e
	- fabric-networking-api-v1 6.3.3+72073ef09e
	- fabric-object-builder-api-v1 24.1.0+6fcd5f039e
	- fabric-particles-v1 5.0.18+d1756aa99e
	- fabric-permission-api-v1 1.0.3+b7020ca29e
	- fabric-recipe-api-v1 9.0.20+11e1c9a39e
	- fabric-registry-sync-v0 7.1.0+c7bd5b8e9e
	- fabric-rendering-fluids-v1 6.0.4+06488ac19e
	- fabric-resource-conditions-api-v1 6.1.0+10e9a28b9e
	- fabric-resource-loader-v0 3.3.20+4fc5413f9e
	- fabric-resource-loader-v1 2.0.13+9edec1269e
	- fabric-serialization-api-v1 2.0.4+11a26f319e
	- fabric-tag-api-v1 2.1.3+794df31d9e
	- fabric-transfer-api-v1 8.0.11+39b5a3929e
	- fabric-transitive-access-wideners-v1 8.1.4+67c847259e
	- fabricloader 0.19.3
	- java 25
	- minecraft 26.2
	- mixinextras 0.5.4
	- smart_survival_architect 0.1.0-SNAPSHOT
[20:47:58] [main/INFO] (FabricLoader/Mixin) SpongePowered MIXIN Subsystem Version=0.8.7 Source=file:/C:/Users/clone/.gradle/caches/modules-2/files-2.1/net.fabricmc/sponge-mixin/0.17.3+mixin.0.8.7/41c4a3984a80f4679e759fb9f495587acc5cdac7/sponge-mixin-0.17.3+mixin.0.8.7.jar Service=Knot/Fabric Env=SERVER
[20:47:58] [main/INFO] (FabricLoader/Mixin) Compatibility level set to JAVA_25
[20:47:59] [main/INFO] (FabricLoader/MixinExtras|Service) Initializing MixinExtras via com.llamalad7.mixinextras.service.MixinExtrasServiceImpl(version=0.5.4).
[20:48:04] [main/INFO] (smart_survival_architect) SSA_S1_COMMON_READY block=smart_survival_architect:spike_marker
[20:48:04] [main/INFO] (Minecraft) Environment: Environment[sessionHost=https://sessionserver.mojang.com, servicesHost=https://api.minecraftservices.com, profilesHost=https://api.mojang.com, name=PROD]
[20:48:06] [main/INFO] (Minecraft) Loaded 1585 recipes
[20:48:06] [main/INFO] (Minecraft) Loaded 1688 advancements
[20:48:06] [main/INFO] (BiomeModificationImpl) Applied 0 biome modifications to 0 of 66 new biomes in 1.411 ms
[20:48:06] [Server thread/INFO] (Minecraft) Starting minecraft server version 26.2
[20:48:06] [Server thread/INFO] (Minecraft) Loading properties
[20:48:06] [Server thread/INFO] (Minecraft) Default game type: SURVIVAL
[20:48:06] [Server thread/INFO] (Minecraft) Generating keypair
[20:48:06] [Server thread/INFO] (Minecraft) Starting Minecraft server on *:0
[20:48:06] [Server thread/INFO] (Minecraft) Preparing level "world"
[20:48:06] [Server thread/INFO] (Minecraft) Loading 0 persistent chunks...
[20:48:06] [Server thread/INFO] (Minecraft) Preparing spawn area: 100%
[20:48:06] [Server thread/INFO] (Minecraft) Time elapsed: 54 ms
[20:48:06] [Server thread/INFO] (Minecraft) Done (0.325s)! For help, type "help"
[20:48:06] [Server thread/INFO] (Minecraft) Saving chunks for level 'ServerLevel[world]'/minecraft:overworld
[20:48:06] [Server thread/INFO] (Minecraft) Saving chunks for level 'ServerLevel[world]'/minecraft:the_end
[20:48:06] [Server thread/INFO] (Minecraft) Saving chunks for level 'ServerLevel[world]'/minecraft:the_nether
[20:48:07] [Server thread/INFO] (Minecraft) ThreadedAnvilChunkStorage (world): All chunks are saved
[20:48:07] [Server thread/INFO] (Minecraft) ThreadedAnvilChunkStorage (DIM1): All chunks are saved
[20:48:07] [Server thread/INFO] (Minecraft) ThreadedAnvilChunkStorage (DIM-1): All chunks are saved
[20:48:07] [Server thread/INFO] (Minecraft) ThreadedAnvilChunkStorage: All dimensions are saved
SSA_S5_CRASH fixture=s5-foreign-evidence boundary=foreign_evidence exit=70

> Task :platform-fabric:runServer FAILED
14 actionable tasks: 3 executed, 11 up-to-date


FAILURE: Build failed with an exception.

* What went wrong:
Execution failed for task ':platform-fabric:runServer' (registered by plugin 'fabric-loom').
> Process 'command 'C:\Program Files\Eclipse Adoptium\jdk-25.0.4.7-hotspot\bin\java.exe'' finished with non-zero exit value 70

* Try:
> Run with --stacktrace option to get the stack trace.
> Run with --info or --debug option to get more log output.
> Run with --scan to get full insights from a Build Scan (powered by Develocity).
> Get more help at https://help.gradle.org.

BUILD FAILED in 15s

CASE=s5-foreign-evidence MODE=recover BOUNDARY=foreign_evidence
STARTED=2026-08-13T20:48:07.5810929+07:00
FINISHED=2026-08-13T20:48:23.6571334+07:00
GRADLE_EXIT_CODE=0
TIMED_OUT=False
To honour the JVM settings for this build a single-use Daemon process will be forked. For more on this, please refer to https://docs.gradle.org/9.5.1/userguide/gradle_daemon.html#sec:disabling_the_daemon in the Gradle documentation.
Daemon will be stopped at the end of the build

> Configure project :platform-fabric
Fabric Loom: 1.17.19

> Task :construction-core:processResources NO-SOURCE
> Task :minecraft-common:processResources NO-SOURCE
> Task :platform-fabric:processResources UP-TO-DATE
> Task :architect-core:compileJava UP-TO-DATE
> Task :architect-core:processResources UP-TO-DATE
> Task :architect-core:classes UP-TO-DATE
> Task :platform-fabric:deleteGameTestRunDir
> Task :architect-core:jar UP-TO-DATE
> Task :platform-fabric:acceptGameTestEula
> Task :construction-core:compileJava UP-TO-DATE
> Task :construction-core:classes UP-TO-DATE
> Task :platform-fabric:generateLog4jConfig UP-TO-DATE
> Task :construction-core:jar UP-TO-DATE
> Task :minecraft-common:compileJava UP-TO-DATE
> Task :platform-fabric:generateDLIConfig UP-TO-DATE
> Task :platform-fabric:configureLaunch
> Task :minecraft-common:classes UP-TO-DATE
> Task :minecraft-common:jar UP-TO-DATE
> Task :platform-fabric:compileJava UP-TO-DATE
> Task :platform-fabric:classes UP-TO-DATE

> Task :platform-fabric:runServer
[20:48:14] [main/INFO] (FabricLoader/GameProvider) Loading Minecraft 26.2 with Fabric Loader 0.19.3
[20:48:14] [main/INFO] (FabricLoader/Mappings) Mappings not present!
[20:48:14] [main/INFO] (FabricLoader) Loading 43 mods:
	- fabric-api 0.154.2+26.2
	   |-- fabric-key-mapping-api-v1 2.0.5+e2bdee789e
	   |-- fabric-model-loading-api-v1 8.0.15+c80601bb9e
	   |-- fabric-renderer-api-v1 14.1.2+2b0d8a229e
	   |-- fabric-renderer-indigo 9.1.2+2b0d8a229e
	   |-- fabric-rendering-v1 25.3.1+6988455e9e
	   |-- fabric-screen-api-v1 5.1.0+48e3c0b09e
	   \-- fabric-sound-api-v1 2.0.5+11a26f319e
	- fabric-api-base 2.0.4+ece063239e
	- fabric-api-lookup-api-v1 2.0.17+11e1c9a39e
	- fabric-biome-api-v1 18.0.6+c7bd5b8e9e
	- fabric-block-api-v1 3.0.3+ec56b6019e
	- fabric-block-getter-api-v2 2.0.7+ec56b6019e
	- fabric-command-api-v2 3.1.0+00cb03469e
	- fabric-content-registries-v0 11.2.2+b7a678a99e
	- fabric-convention-tags-v2 4.7.0+1f023a9e9e
	- fabric-crash-report-info-v1 1.0.5+086d547a9e
	- fabric-creative-tab-api-v1 5.0.14+d871b99e9e
	- fabric-data-attachment-api-v1 2.2.17+aa0fd6fe9e
	- fabric-data-generation-api-v1 25.4.4+9e7dc27f9e
	- fabric-debug-api-v1 1.0.2+c792624d9e
	- fabric-dimensions-v1 5.1.9+9cbf5da59e
	- fabric-entity-events-v1 5.0.5+06488ac19e
	- fabric-events-interaction-v0 5.2.6+8f57f7ee9e
	- fabric-game-rule-api-v1 4.0.8+46a6d00c9e
	- fabric-gametest-api-v1 4.0.21+4a7fa0819e
	- fabric-item-api-v1 14.2.0+7aec7be39e
	- fabric-lifecycle-events-v1 4.1.3+4575b05f9e
	- fabric-loot-api-v3 3.0.17+06488ac19e
	- fabric-menu-api-v1 2.0.16+086d547a9e
	- fabric-message-api-v1 7.0.7+086d547a9e
	- fabric-networking-api-v1 6.3.3+72073ef09e
	- fabric-object-builder-api-v1 24.1.0+6fcd5f039e
	- fabric-particles-v1 5.0.18+d1756aa99e
	- fabric-permission-api-v1 1.0.3+b7020ca29e
	- fabric-recipe-api-v1 9.0.20+11e1c9a39e
	- fabric-registry-sync-v0 7.1.0+c7bd5b8e9e
	- fabric-rendering-fluids-v1 6.0.4+06488ac19e
	- fabric-resource-conditions-api-v1 6.1.0+10e9a28b9e
	- fabric-resource-loader-v0 3.3.20+4fc5413f9e
	- fabric-resource-loader-v1 2.0.13+9edec1269e
	- fabric-serialization-api-v1 2.0.4+11a26f319e
	- fabric-tag-api-v1 2.1.3+794df31d9e
	- fabric-transfer-api-v1 8.0.11+39b5a3929e
	- fabric-transitive-access-wideners-v1 8.1.4+67c847259e
	- fabricloader 0.19.3
	- java 25
	- minecraft 26.2
	- mixinextras 0.5.4
	- smart_survival_architect 0.1.0-SNAPSHOT
[20:48:14] [main/INFO] (FabricLoader/Mixin) SpongePowered MIXIN Subsystem Version=0.8.7 Source=file:/C:/Users/clone/.gradle/caches/modules-2/files-2.1/net.fabricmc/sponge-mixin/0.17.3+mixin.0.8.7/41c4a3984a80f4679e759fb9f495587acc5cdac7/sponge-mixin-0.17.3+mixin.0.8.7.jar Service=Knot/Fabric Env=SERVER
[20:48:14] [main/INFO] (FabricLoader/Mixin) Compatibility level set to JAVA_25
[20:48:15] [main/INFO] (FabricLoader/MixinExtras|Service) Initializing MixinExtras via com.llamalad7.mixinextras.service.MixinExtrasServiceImpl(version=0.5.4).
[20:48:20] [main/INFO] (smart_survival_architect) SSA_S1_COMMON_READY block=smart_survival_architect:spike_marker
[20:48:20] [main/INFO] (Minecraft) Environment: Environment[sessionHost=https://sessionserver.mojang.com, servicesHost=https://api.minecraftservices.com, profilesHost=https://api.mojang.com, name=PROD]
[20:48:21] [main/INFO] (Minecraft) Loaded 1585 recipes
[20:48:21] [main/INFO] (Minecraft) Loaded 1688 advancements
[20:48:22] [main/INFO] (BiomeModificationImpl) Applied 0 biome modifications to 0 of 66 new biomes in 1.330 ms
[20:48:22] [Server thread/INFO] (Minecraft) Starting minecraft server version 26.2
[20:48:22] [Server thread/INFO] (Minecraft) Loading properties
[20:48:22] [Server thread/INFO] (Minecraft) Default game type: SURVIVAL
[20:48:22] [Server thread/INFO] (Minecraft) Generating keypair
[20:48:22] [Server thread/INFO] (Minecraft) Starting Minecraft server on *:0
[20:48:22] [Server thread/INFO] (Minecraft) Preparing level "world"
[20:48:22] [Server thread/INFO] (Minecraft) Loading 0 persistent chunks...
[20:48:22] [Server thread/INFO] (Minecraft) Preparing spawn area: 100%
[20:48:22] [Server thread/INFO] (Minecraft) Time elapsed: 65 ms
[20:48:22] [Server thread/INFO] (Minecraft) Done (0.414s)! For help, type "help"
[20:48:22] [Server thread/INFO] (Minecraft) Saving chunks for level 'ServerLevel[world]'/minecraft:overworld
[20:48:22] [Server thread/INFO] (Minecraft) Saving chunks for level 'ServerLevel[world]'/minecraft:the_end
[20:48:22] [Server thread/INFO] (Minecraft) Saving chunks for level 'ServerLevel[world]'/minecraft:the_nether
[20:48:22] [Server thread/INFO] (Minecraft) ThreadedAnvilChunkStorage (world): All chunks are saved
[20:48:22] [Server thread/INFO] (Minecraft) ThreadedAnvilChunkStorage (DIM1): All chunks are saved
[20:48:22] [Server thread/INFO] (Minecraft) ThreadedAnvilChunkStorage (DIM-1): All chunks are saved
[20:48:22] [Server thread/INFO] (Minecraft) ThreadedAnvilChunkStorage: All dimensions are saved
SSA_S5_RECOVERY fixture=s5-foreign-evidence boundary=foreign_evidence first=QUARANTINED second=QUARANTINED scheduled=false world=1ba9a355-6ca2-4319-b270-5008f5f9abf2 metadata=true exact=true
[20:48:22] [Server thread/INFO] (Minecraft) Stopping server
[20:48:22] [Server thread/INFO] (Minecraft) Saving players
[20:48:22] [Server thread/INFO] (Minecraft) Saving worlds
[20:48:22] [Server thread/INFO] (Minecraft) Saving chunks for level 'ServerLevel[world]'/minecraft:overworld
[20:48:22] [Server thread/INFO] (Minecraft) Saving chunks for level 'ServerLevel[world]'/minecraft:the_end
[20:48:22] [Server thread/INFO] (Minecraft) Saving chunks for level 'ServerLevel[world]'/minecraft:the_nether
[20:48:22] [Server thread/INFO] (Minecraft) ThreadedAnvilChunkStorage (world): All chunks are saved
[20:48:22] [Server thread/INFO] (Minecraft) ThreadedAnvilChunkStorage (DIM1): All chunks are saved
[20:48:22] [Server thread/INFO] (Minecraft) ThreadedAnvilChunkStorage (DIM-1): All chunks are saved
[20:48:22] [Server thread/INFO] (Minecraft) ThreadedAnvilChunkStorage: All dimensions are saved

BUILD SUCCESSFUL in 15s
14 actionable tasks: 3 executed, 11 up-to-date
