CASE=s5-before-prepared-append MODE=crash BOUNDARY=before_prepared_append
STARTED=2026-08-11T19:48:25.5436492+07:00
FINISHED=2026-08-11T19:48:47.5825846+07:00
GRADLE_EXIT_CODE=1
To honour the JVM settings for this build a single-use Daemon process will be forked. For more on this, please refer to https://docs.gradle.org/9.5.1/userguide/gradle_daemon.html#sec:disabling_the_daemon in the Gradle documentation.
Daemon will be stopped at the end of the build

> Configure project :platform-fabric
Fabric Loom: 1.17.19

> Task :minecraft-common:processResources NO-SOURCE
> Task :construction-core:processResources NO-SOURCE
> Task :platform-fabric:processResources UP-TO-DATE
> Task :architect-core:compileJava UP-TO-DATE
> Task :architect-core:processResources NO-SOURCE
> Task :architect-core:classes UP-TO-DATE
> Task :platform-fabric:deleteGameTestRunDir
> Task :architect-core:jar UP-TO-DATE
> Task :construction-core:compileJava UP-TO-DATE
> Task :construction-core:classes UP-TO-DATE
> Task :minecraft-common:compileJava NO-SOURCE
> Task :minecraft-common:classes UP-TO-DATE
> Task :construction-core:jar UP-TO-DATE
> Task :minecraft-common:jar UP-TO-DATE
> Task :platform-fabric:acceptGameTestEula
> Task :platform-fabric:compileJava UP-TO-DATE
> Task :platform-fabric:classes UP-TO-DATE
> Task :platform-fabric:generateLog4jConfig UP-TO-DATE
> Task :platform-fabric:generateDLIConfig UP-TO-DATE
> Task :platform-fabric:configureLaunch

> Task :platform-fabric:runServer
[19:48:37] [main/INFO] (FabricLoader/GameProvider) Loading Minecraft 26.2 with Fabric Loader 0.19.3
[19:48:37] [main/INFO] (FabricLoader/Mappings) Mappings not present!
[19:48:37] [main/INFO] (FabricLoader) Loading 43 mods:
	- fabric-api 0.154.2+26.2
	   |-- fabric-key-mapping-api-v1 2.0.5+e2bdee789e
	   |-- fabric-model-loading-api-v1 8.0.15+c80601bb9e
	   |-- fabric-renderer-api-v1 14.1.2+2b0d8a229e
	   |-- fabric-renderer-indigo 9.1.2+2b0d8a229e
	   |-- fabric-rendering-v1 25.3.1+6988455e9e
	   |-- fabric-screen-api-v1 5.1.0+48e3c0b09e
	   \-- fabric-sound-api-v1 2.0.5+11a26f319e
	- fabric-api-base 2.0.4+ece063239e
	- fabric-api-lookup-api-v1 2.0.17+11e1c9a39e
	- fabric-biome-api-v1 18.0.6+c7bd5b8e9e
	- fabric-block-api-v1 3.0.3+ec56b6019e
	- fabric-block-getter-api-v2 2.0.7+ec56b6019e
	- fabric-command-api-v2 3.1.0+00cb03469e
	- fabric-content-registries-v0 11.2.2+b7a678a99e
	- fabric-convention-tags-v2 4.7.0+1f023a9e9e
	- fabric-crash-report-info-v1 1.0.5+086d547a9e
	- fabric-creative-tab-api-v1 5.0.14+d871b99e9e
	- fabric-data-attachment-api-v1 2.2.17+aa0fd6fe9e
	- fabric-data-generation-api-v1 25.4.4+9e7dc27f9e
	- fabric-debug-api-v1 1.0.2+c792624d9e
	- fabric-dimensions-v1 5.1.9+9cbf5da59e
	- fabric-entity-events-v1 5.0.5+06488ac19e
	- fabric-events-interaction-v0 5.2.6+8f57f7ee9e
	- fabric-game-rule-api-v1 4.0.8+46a6d00c9e
	- fabric-gametest-api-v1 4.0.21+4a7fa0819e
	- fabric-item-api-v1 14.2.0+7aec7be39e
	- fabric-lifecycle-events-v1 4.1.3+4575b05f9e
	- fabric-loot-api-v3 3.0.17+06488ac19e
	- fabric-menu-api-v1 2.0.16+086d547a9e
	- fabric-message-api-v1 7.0.7+086d547a9e
	- fabric-networking-api-v1 6.3.3+72073ef09e
	- fabric-object-builder-api-v1 24.1.0+6fcd5f039e
	- fabric-particles-v1 5.0.18+d1756aa99e
	- fabric-permission-api-v1 1.0.3+b7020ca29e
	- fabric-recipe-api-v1 9.0.20+11e1c9a39e
	- fabric-registry-sync-v0 7.1.0+c7bd5b8e9e
	- fabric-rendering-fluids-v1 6.0.4+06488ac19e
	- fabric-resource-conditions-api-v1 6.1.0+10e9a28b9e
	- fabric-resource-loader-v0 3.3.20+4fc5413f9e
	- fabric-resource-loader-v1 2.0.13+9edec1269e
	- fabric-serialization-api-v1 2.0.4+11a26f319e
	- fabric-tag-api-v1 2.1.3+794df31d9e
	- fabric-transfer-api-v1 8.0.11+39b5a3929e
	- fabric-transitive-access-wideners-v1 8.1.4+67c847259e
	- fabricloader 0.19.3
	- java 25
	- minecraft 26.2
	- mixinextras 0.5.4
	- smart_survival_architect 0.1.0-SNAPSHOT
[19:48:37] [main/INFO] (FabricLoader/Mixin) SpongePowered MIXIN Subsystem Version=0.8.7 Source=file:/C:/Users/clone/.gradle/caches/modules-2/files-2.1/net.fabricmc/sponge-mixin/0.17.3+mixin.0.8.7/41c4a3984a80f4679e759fb9f495587acc5cdac7/sponge-mixin-0.17.3+mixin.0.8.7.jar Service=Knot/Fabric Env=SERVER
[19:48:37] [main/INFO] (FabricLoader/Mixin) Compatibility level set to JAVA_25
[19:48:38] [main/INFO] (FabricLoader/MixinExtras|Service) Initializing MixinExtras via com.llamalad7.mixinextras.service.MixinExtrasServiceImpl(version=0.5.4).
[19:48:43] [main/INFO] (smart_survival_architect) SSA_S1_COMMON_READY block=smart_survival_architect:spike_marker
[19:48:43] [main/INFO] (Minecraft) Environment: Environment[sessionHost=https://sessionserver.mojang.com, servicesHost=https://api.minecraftservices.com, profilesHost=https://api.mojang.com, name=PROD]
[19:48:44] [Worker-Main-6/INFO] (Minecraft) No existing world data, creating new world
[19:48:44] [main/INFO] (Minecraft) Loaded 1585 recipes
[19:48:44] [main/INFO] (Minecraft) Loaded 1688 advancements
[19:48:44] [main/INFO] (BiomeModificationImpl) Applied 0 biome modifications to 0 of 66 new biomes in 1.002 ms
[19:48:44] [Server thread/INFO] (Minecraft) Starting minecraft server version 26.2
[19:48:44] [Server thread/INFO] (Minecraft) Loading properties
[19:48:44] [Server thread/INFO] (Minecraft) Default game type: SURVIVAL
[19:48:44] [Server thread/INFO] (Minecraft) Generating keypair
[19:48:44] [Server thread/INFO] (Minecraft) Starting Minecraft server on *:0
[19:48:45] [Server thread/INFO] (Minecraft) Preparing level "world"
[19:48:45] [Server thread/INFO] (Minecraft) Selecting global world spawn...
[19:48:46] [Server thread/INFO] (Minecraft) Loading 0 persistent chunks...
[19:48:46] [Server thread/INFO] (Minecraft) Preparing spawn area: 100%
[19:48:46] [Server thread/INFO] (Minecraft) Time elapsed: 1679 ms
[19:48:46] [Server thread/INFO] (Minecraft) Done (1.966s)! For help, type "help"
[19:48:46] [Server thread/INFO] (Minecraft) Saving chunks for level 'ServerLevel[world]'/minecraft:overworld
[19:48:47] [Server thread/INFO] (Minecraft) Saving chunks for level 'ServerLevel[world]'/minecraft:the_nether
[19:48:47] [Server thread/INFO] (Minecraft) Saving chunks for level 'ServerLevel[world]'/minecraft:the_end
[19:48:47] [Server thread/INFO] (Minecraft) ThreadedAnvilChunkStorage (world): All chunks are saved
[19:48:47] [Server thread/INFO] (Minecraft) ThreadedAnvilChunkStorage (DIM-1): All chunks are saved
[19:48:47] [Server thread/INFO] (Minecraft) ThreadedAnvilChunkStorage (DIM1): All chunks are saved
[19:48:47] [Server thread/INFO] (Minecraft) ThreadedAnvilChunkStorage: All dimensions are saved
SSA_S5_CRASH fixture=s5-before-prepared-append boundary=before_prepared_append exit=70

> Task :platform-fabric:runServer FAILED
12 actionable tasks: 3 executed, 9 up-to-date


FAILURE: Build failed with an exception.

* What went wrong:
Execution failed for task ':platform-fabric:runServer' (registered by plugin 'fabric-loom').
> Process 'command 'C:\Program Files\Eclipse Adoptium\jdk-25.0.4.7-hotspot\bin\java.exe'' finished with non-zero exit value 70

* Try:
> Run with --stacktrace option to get the stack trace.
> Run with --info or --debug option to get more log output.
> Run with --scan to get full insights from a Build Scan (powered by Develocity).
> Get more help at https://help.gradle.org.

BUILD FAILED in 21s

CASE=s5-before-prepared-append MODE=recover BOUNDARY=before_prepared_append
STARTED=2026-08-11T19:48:47.6026032+07:00
FINISHED=2026-08-11T19:49:03.2182311+07:00
GRADLE_EXIT_CODE=0
To honour the JVM settings for this build a single-use Daemon process will be forked. For more on this, please refer to https://docs.gradle.org/9.5.1/userguide/gradle_daemon.html#sec:disabling_the_daemon in the Gradle documentation.
Daemon will be stopped at the end of the build

> Configure project :platform-fabric
Fabric Loom: 1.17.19

> Task :construction-core:processResources NO-SOURCE
> Task :minecraft-common:processResources NO-SOURCE
> Task :platform-fabric:processResources UP-TO-DATE
> Task :architect-core:compileJava UP-TO-DATE
> Task :architect-core:processResources NO-SOURCE
> Task :architect-core:classes UP-TO-DATE
> Task :platform-fabric:deleteGameTestRunDir
> Task :architect-core:jar UP-TO-DATE
> Task :construction-core:compileJava UP-TO-DATE
> Task :construction-core:classes UP-TO-DATE
> Task :minecraft-common:compileJava NO-SOURCE
> Task :minecraft-common:classes UP-TO-DATE
> Task :construction-core:jar UP-TO-DATE
> Task :platform-fabric:acceptGameTestEula
> Task :minecraft-common:jar UP-TO-DATE
> Task :platform-fabric:compileJava UP-TO-DATE
> Task :platform-fabric:classes UP-TO-DATE
> Task :platform-fabric:generateLog4jConfig UP-TO-DATE
> Task :platform-fabric:generateDLIConfig UP-TO-DATE
> Task :platform-fabric:configureLaunch

> Task :platform-fabric:runServer
[19:48:54] [main/INFO] (FabricLoader/GameProvider) Loading Minecraft 26.2 with Fabric Loader 0.19.3
[19:48:54] [main/INFO] (FabricLoader/Mappings) Mappings not present!
[19:48:54] [main/INFO] (FabricLoader) Loading 43 mods:
	- fabric-api 0.154.2+26.2
	   |-- fabric-key-mapping-api-v1 2.0.5+e2bdee789e
	   |-- fabric-model-loading-api-v1 8.0.15+c80601bb9e
	   |-- fabric-renderer-api-v1 14.1.2+2b0d8a229e
	   |-- fabric-renderer-indigo 9.1.2+2b0d8a229e
	   |-- fabric-rendering-v1 25.3.1+6988455e9e
	   |-- fabric-screen-api-v1 5.1.0+48e3c0b09e
	   \-- fabric-sound-api-v1 2.0.5+11a26f319e
	- fabric-api-base 2.0.4+ece063239e
	- fabric-api-lookup-api-v1 2.0.17+11e1c9a39e
	- fabric-biome-api-v1 18.0.6+c7bd5b8e9e
	- fabric-block-api-v1 3.0.3+ec56b6019e
	- fabric-block-getter-api-v2 2.0.7+ec56b6019e
	- fabric-command-api-v2 3.1.0+00cb03469e
	- fabric-content-registries-v0 11.2.2+b7a678a99e
	- fabric-convention-tags-v2 4.7.0+1f023a9e9e
	- fabric-crash-report-info-v1 1.0.5+086d547a9e
	- fabric-creative-tab-api-v1 5.0.14+d871b99e9e
	- fabric-data-attachment-api-v1 2.2.17+aa0fd6fe9e
	- fabric-data-generation-api-v1 25.4.4+9e7dc27f9e
	- fabric-debug-api-v1 1.0.2+c792624d9e
	- fabric-dimensions-v1 5.1.9+9cbf5da59e
	- fabric-entity-events-v1 5.0.5+06488ac19e
	- fabric-events-interaction-v0 5.2.6+8f57f7ee9e
	- fabric-game-rule-api-v1 4.0.8+46a6d00c9e
	- fabric-gametest-api-v1 4.0.21+4a7fa0819e
	- fabric-item-api-v1 14.2.0+7aec7be39e
	- fabric-lifecycle-events-v1 4.1.3+4575b05f9e
	- fabric-loot-api-v3 3.0.17+06488ac19e
	- fabric-menu-api-v1 2.0.16+086d547a9e
	- fabric-message-api-v1 7.0.7+086d547a9e
	- fabric-networking-api-v1 6.3.3+72073ef09e
	- fabric-object-builder-api-v1 24.1.0+6fcd5f039e
	- fabric-particles-v1 5.0.18+d1756aa99e
	- fabric-permission-api-v1 1.0.3+b7020ca29e
	- fabric-recipe-api-v1 9.0.20+11e1c9a39e
	- fabric-registry-sync-v0 7.1.0+c7bd5b8e9e
	- fabric-rendering-fluids-v1 6.0.4+06488ac19e
	- fabric-resource-conditions-api-v1 6.1.0+10e9a28b9e
	- fabric-resource-loader-v0 3.3.20+4fc5413f9e
	- fabric-resource-loader-v1 2.0.13+9edec1269e
	- fabric-serialization-api-v1 2.0.4+11a26f319e
	- fabric-tag-api-v1 2.1.3+794df31d9e
	- fabric-transfer-api-v1 8.0.11+39b5a3929e
	- fabric-transitive-access-wideners-v1 8.1.4+67c847259e
	- fabricloader 0.19.3
	- java 25
	- minecraft 26.2
	- mixinextras 0.5.4
	- smart_survival_architect 0.1.0-SNAPSHOT
[19:48:54] [main/INFO] (FabricLoader/Mixin) SpongePowered MIXIN Subsystem Version=0.8.7 Source=file:/C:/Users/clone/.gradle/caches/modules-2/files-2.1/net.fabricmc/sponge-mixin/0.17.3+mixin.0.8.7/41c4a3984a80f4679e759fb9f495587acc5cdac7/sponge-mixin-0.17.3+mixin.0.8.7.jar Service=Knot/Fabric Env=SERVER
[19:48:54] [main/INFO] (FabricLoader/Mixin) Compatibility level set to JAVA_25
[19:48:55] [main/INFO] (FabricLoader/MixinExtras|Service) Initializing MixinExtras via com.llamalad7.mixinextras.service.MixinExtrasServiceImpl(version=0.5.4).
[19:49:00] [main/INFO] (smart_survival_architect) SSA_S1_COMMON_READY block=smart_survival_architect:spike_marker
[19:49:00] [main/INFO] (Minecraft) Environment: Environment[sessionHost=https://sessionserver.mojang.com, servicesHost=https://api.minecraftservices.com, profilesHost=https://api.mojang.com, name=PROD]
[19:49:01] [main/INFO] (Minecraft) Loaded 1585 recipes
[19:49:01] [main/INFO] (Minecraft) Loaded 1688 advancements
[19:49:01] [main/INFO] (BiomeModificationImpl) Applied 0 biome modifications to 0 of 66 new biomes in 1.501 ms
[19:49:01] [Server thread/INFO] (Minecraft) Starting minecraft server version 26.2
[19:49:01] [Server thread/INFO] (Minecraft) Loading properties
[19:49:01] [Server thread/INFO] (Minecraft) Default game type: SURVIVAL
[19:49:01] [Server thread/INFO] (Minecraft) Generating keypair
[19:49:01] [Server thread/INFO] (Minecraft) Starting Minecraft server on *:0
[19:49:01] [Server thread/INFO] (Minecraft) Preparing level "world"
[19:49:02] [Server thread/INFO] (Minecraft) Loading 0 persistent chunks...
[19:49:02] [Server thread/INFO] (Minecraft) Preparing spawn area: 100%
[19:49:02] [Server thread/INFO] (Minecraft) Time elapsed: 66 ms
[19:49:02] [Server thread/INFO] (Minecraft) Done (0.455s)! For help, type "help"
[19:49:02] [Server thread/INFO] (Minecraft) Saving chunks for level 'ServerLevel[world]'/minecraft:overworld
[19:49:02] [Server thread/INFO] (Minecraft) Saving chunks for level 'ServerLevel[world]'/minecraft:the_nether
[19:49:02] [Server thread/INFO] (Minecraft) Saving chunks for level 'ServerLevel[world]'/minecraft:the_end
[19:49:02] [Server thread/INFO] (Minecraft) ThreadedAnvilChunkStorage (world): All chunks are saved
[19:49:02] [Server thread/INFO] (Minecraft) ThreadedAnvilChunkStorage (DIM-1): All chunks are saved
[19:49:02] [Server thread/INFO] (Minecraft) ThreadedAnvilChunkStorage (DIM1): All chunks are saved
[19:49:02] [Server thread/INFO] (Minecraft) ThreadedAnvilChunkStorage: All dimensions are saved
SSA_S5_RECOVERY fixture=s5-before-prepared-append boundary=before_prepared_append first=NO_ACTIVE_INTENT second=NO_ACTIVE_INTENT scheduled=true world=fcd156d8-5cf8-4acf-a9b9-b0e9d1c1a231 metadata=true exact=true
[19:49:02] [Server thread/INFO] (Minecraft) Stopping server
[19:49:02] [Server thread/INFO] (Minecraft) Saving players
[19:49:02] [Server thread/INFO] (Minecraft) Saving worlds
[19:49:02] [Server thread/INFO] (Minecraft) Saving chunks for level 'ServerLevel[world]'/minecraft:overworld
[19:49:02] [Server thread/INFO] (Minecraft) Saving chunks for level 'ServerLevel[world]'/minecraft:the_nether
[19:49:02] [Server thread/INFO] (Minecraft) Saving chunks for level 'ServerLevel[world]'/minecraft:the_end
[19:49:02] [Server thread/INFO] (Minecraft) ThreadedAnvilChunkStorage (world): All chunks are saved
[19:49:02] [Server thread/INFO] (Minecraft) ThreadedAnvilChunkStorage (DIM-1): All chunks are saved
[19:49:02] [Server thread/INFO] (Minecraft) ThreadedAnvilChunkStorage (DIM1): All chunks are saved
[19:49:02] [Server thread/INFO] (Minecraft) ThreadedAnvilChunkStorage: All dimensions are saved

BUILD SUCCESSFUL in 15s
12 actionable tasks: 3 executed, 9 up-to-date

CASE=s5-after-append-before-fsync-ack MODE=crash BOUNDARY=after_append_before_fsync_ack
STARTED=2026-08-11T19:49:03.2707618+07:00
FINISHED=2026-08-11T19:49:18.0609895+07:00
GRADLE_EXIT_CODE=1
To honour the JVM settings for this build a single-use Daemon process will be forked. For more on this, please refer to https://docs.gradle.org/9.5.1/userguide/gradle_daemon.html#sec:disabling_the_daemon in the Gradle documentation.
Daemon will be stopped at the end of the build

> Configure project :platform-fabric
Fabric Loom: 1.17.19

> Task :minecraft-common:processResources NO-SOURCE
> Task :construction-core:processResources NO-SOURCE
> Task :platform-fabric:processResources UP-TO-DATE
> Task :architect-core:compileJava UP-TO-DATE
> Task :architect-core:processResources NO-SOURCE
> Task :architect-core:classes UP-TO-DATE
> Task :platform-fabric:deleteGameTestRunDir
> Task :architect-core:jar UP-TO-DATE
> Task :construction-core:compileJava UP-TO-DATE
> Task :construction-core:classes UP-TO-DATE
> Task :minecraft-common:compileJava NO-SOURCE
> Task :minecraft-common:classes UP-TO-DATE
> Task :construction-core:jar UP-TO-DATE
> Task :platform-fabric:acceptGameTestEula
> Task :minecraft-common:jar UP-TO-DATE
> Task :platform-fabric:compileJava UP-TO-DATE
> Task :platform-fabric:classes UP-TO-DATE
> Task :platform-fabric:generateLog4jConfig UP-TO-DATE
> Task :platform-fabric:generateDLIConfig UP-TO-DATE
> Task :platform-fabric:configureLaunch

> Task :platform-fabric:runServer
[19:49:09] [main/INFO] (FabricLoader/GameProvider) Loading Minecraft 26.2 with Fabric Loader 0.19.3
[19:49:09] [main/INFO] (FabricLoader/Mappings) Mappings not present!
[19:49:09] [main/INFO] (FabricLoader) Loading 43 mods:
	- fabric-api 0.154.2+26.2
	   |-- fabric-key-mapping-api-v1 2.0.5+e2bdee789e
	   |-- fabric-model-loading-api-v1 8.0.15+c80601bb9e
	   |-- fabric-renderer-api-v1 14.1.2+2b0d8a229e
	   |-- fabric-renderer-indigo 9.1.2+2b0d8a229e
	   |-- fabric-rendering-v1 25.3.1+6988455e9e
	   |-- fabric-screen-api-v1 5.1.0+48e3c0b09e
	   \-- fabric-sound-api-v1 2.0.5+11a26f319e
	- fabric-api-base 2.0.4+ece063239e
	- fabric-api-lookup-api-v1 2.0.17+11e1c9a39e
	- fabric-biome-api-v1 18.0.6+c7bd5b8e9e
	- fabric-block-api-v1 3.0.3+ec56b6019e
	- fabric-block-getter-api-v2 2.0.7+ec56b6019e
	- fabric-command-api-v2 3.1.0+00cb03469e
	- fabric-content-registries-v0 11.2.2+b7a678a99e
	- fabric-convention-tags-v2 4.7.0+1f023a9e9e
	- fabric-crash-report-info-v1 1.0.5+086d547a9e
	- fabric-creative-tab-api-v1 5.0.14+d871b99e9e
	- fabric-data-attachment-api-v1 2.2.17+aa0fd6fe9e
	- fabric-data-generation-api-v1 25.4.4+9e7dc27f9e
	- fabric-debug-api-v1 1.0.2+c792624d9e
	- fabric-dimensions-v1 5.1.9+9cbf5da59e
	- fabric-entity-events-v1 5.0.5+06488ac19e
	- fabric-events-interaction-v0 5.2.6+8f57f7ee9e
	- fabric-game-rule-api-v1 4.0.8+46a6d00c9e
	- fabric-gametest-api-v1 4.0.21+4a7fa0819e
	- fabric-item-api-v1 14.2.0+7aec7be39e
	- fabric-lifecycle-events-v1 4.1.3+4575b05f9e
	- fabric-loot-api-v3 3.0.17+06488ac19e
	- fabric-menu-api-v1 2.0.16+086d547a9e
	- fabric-message-api-v1 7.0.7+086d547a9e
	- fabric-networking-api-v1 6.3.3+72073ef09e
	- fabric-object-builder-api-v1 24.1.0+6fcd5f039e
	- fabric-particles-v1 5.0.18+d1756aa99e
	- fabric-permission-api-v1 1.0.3+b7020ca29e
	- fabric-recipe-api-v1 9.0.20+11e1c9a39e
	- fabric-registry-sync-v0 7.1.0+c7bd5b8e9e
	- fabric-rendering-fluids-v1 6.0.4+06488ac19e
	- fabric-resource-conditions-api-v1 6.1.0+10e9a28b9e
	- fabric-resource-loader-v0 3.3.20+4fc5413f9e
	- fabric-resource-loader-v1 2.0.13+9edec1269e
	- fabric-serialization-api-v1 2.0.4+11a26f319e
	- fabric-tag-api-v1 2.1.3+794df31d9e
	- fabric-transfer-api-v1 8.0.11+39b5a3929e
	- fabric-transitive-access-wideners-v1 8.1.4+67c847259e
	- fabricloader 0.19.3
	- java 25
	- minecraft 26.2
	- mixinextras 0.5.4
	- smart_survival_architect 0.1.0-SNAPSHOT
[19:49:10] [main/INFO] (FabricLoader/Mixin) SpongePowered MIXIN Subsystem Version=0.8.7 Source=file:/C:/Users/clone/.gradle/caches/modules-2/files-2.1/net.fabricmc/sponge-mixin/0.17.3+mixin.0.8.7/41c4a3984a80f4679e759fb9f495587acc5cdac7/sponge-mixin-0.17.3+mixin.0.8.7.jar Service=Knot/Fabric Env=SERVER
[19:49:10] [main/INFO] (FabricLoader/Mixin) Compatibility level set to JAVA_25
[19:49:10] [main/INFO] (FabricLoader/MixinExtras|Service) Initializing MixinExtras via com.llamalad7.mixinextras.service.MixinExtrasServiceImpl(version=0.5.4).
[19:49:15] [main/INFO] (smart_survival_architect) SSA_S1_COMMON_READY block=smart_survival_architect:spike_marker
[19:49:15] [main/INFO] (Minecraft) Environment: Environment[sessionHost=https://sessionserver.mojang.com, servicesHost=https://api.minecraftservices.com, profilesHost=https://api.mojang.com, name=PROD]
[19:49:16] [main/INFO] (Minecraft) Loaded 1585 recipes
[19:49:16] [main/INFO] (Minecraft) Loaded 1688 advancements
[19:49:16] [main/INFO] (BiomeModificationImpl) Applied 0 biome modifications to 0 of 66 new biomes in 1.060 ms
[19:49:16] [Server thread/INFO] (Minecraft) Starting minecraft server version 26.2
[19:49:16] [Server thread/INFO] (Minecraft) Loading properties
[19:49:16] [Server thread/INFO] (Minecraft) Default game type: SURVIVAL
[19:49:16] [Server thread/INFO] (Minecraft) Generating keypair
[19:49:16] [Server thread/INFO] (Minecraft) Starting Minecraft server on *:0
[19:49:17] [Server thread/INFO] (Minecraft) Preparing level "world"
[19:49:17] [Server thread/INFO] (Minecraft) Loading 0 persistent chunks...
[19:49:17] [Server thread/INFO] (Minecraft) Preparing spawn area: 100%
[19:49:17] [Server thread/INFO] (Minecraft) Time elapsed: 55 ms
[19:49:17] [Server thread/INFO] (Minecraft) Done (0.292s)! For help, type "help"
[19:49:17] [Server thread/INFO] (Minecraft) Saving chunks for level 'ServerLevel[world]'/minecraft:overworld
[19:49:17] [Server thread/INFO] (Minecraft) Saving chunks for level 'ServerLevel[world]'/minecraft:the_end
[19:49:17] [Server thread/INFO] (Minecraft) Saving chunks for level 'ServerLevel[world]'/minecraft:the_nether
[19:49:17] [Server thread/INFO] (Minecraft) ThreadedAnvilChunkStorage (world): All chunks are saved
[19:49:17] [Server thread/INFO] (Minecraft) ThreadedAnvilChunkStorage (DIM1): All chunks are saved
[19:49:17] [Server thread/INFO] (Minecraft) ThreadedAnvilChunkStorage (DIM-1): All chunks are saved
[19:49:17] [Server thread/INFO] (Minecraft) ThreadedAnvilChunkStorage: All dimensions are saved
SSA_S5_CRASH fixture=s5-after-append-before-fsync-ack boundary=after_append_before_fsync_ack exit=70

> Task :platform-fabric:runServer FAILED
12 actionable tasks: 3 executed, 9 up-to-date


FAILURE: Build failed with an exception.

* What went wrong:
Execution failed for task ':platform-fabric:runServer' (registered by plugin 'fabric-loom').
> Process 'command 'C:\Program Files\Eclipse Adoptium\jdk-25.0.4.7-hotspot\bin\java.exe'' finished with non-zero exit value 70

* Try:
> Run with --stacktrace option to get the stack trace.
> Run with --info or --debug option to get more log output.
> Run with --scan to get full insights from a Build Scan (powered by Develocity).
> Get more help at https://help.gradle.org.

BUILD FAILED in 14s

CASE=s5-after-append-before-fsync-ack MODE=recover BOUNDARY=after_append_before_fsync_ack
STARTED=2026-08-11T19:49:18.0619898+07:00
FINISHED=2026-08-11T19:49:33.5474312+07:00
GRADLE_EXIT_CODE=0
To honour the JVM settings for this build a single-use Daemon process will be forked. For more on this, please refer to https://docs.gradle.org/9.5.1/userguide/gradle_daemon.html#sec:disabling_the_daemon in the Gradle documentation.
Daemon will be stopped at the end of the build

> Configure project :platform-fabric
Fabric Loom: 1.17.19

> Task :construction-core:processResources NO-SOURCE
> Task :minecraft-common:processResources NO-SOURCE
> Task :platform-fabric:processResources UP-TO-DATE
> Task :architect-core:compileJava UP-TO-DATE
> Task :architect-core:processResources NO-SOURCE
> Task :architect-core:classes UP-TO-DATE
> Task :architect-core:jar UP-TO-DATE
> Task :platform-fabric:deleteGameTestRunDir
> Task :construction-core:compileJava UP-TO-DATE
> Task :construction-core:classes UP-TO-DATE
> Task :minecraft-common:compileJava NO-SOURCE
> Task :minecraft-common:classes UP-TO-DATE
> Task :construction-core:jar UP-TO-DATE
> Task :minecraft-common:jar UP-TO-DATE
> Task :platform-fabric:acceptGameTestEula
> Task :platform-fabric:compileJava UP-TO-DATE
> Task :platform-fabric:classes UP-TO-DATE
> Task :platform-fabric:generateLog4jConfig UP-TO-DATE
> Task :platform-fabric:generateDLIConfig UP-TO-DATE
> Task :platform-fabric:configureLaunch

> Task :platform-fabric:runServer
[19:49:24] [main/INFO] (FabricLoader/GameProvider) Loading Minecraft 26.2 with Fabric Loader 0.19.3
[19:49:24] [main/INFO] (FabricLoader/Mappings) Mappings not present!
[19:49:24] [main/INFO] (FabricLoader) Loading 43 mods:
	- fabric-api 0.154.2+26.2
	   |-- fabric-key-mapping-api-v1 2.0.5+e2bdee789e
	   |-- fabric-model-loading-api-v1 8.0.15+c80601bb9e
	   |-- fabric-renderer-api-v1 14.1.2+2b0d8a229e
	   |-- fabric-renderer-indigo 9.1.2+2b0d8a229e
	   |-- fabric-rendering-v1 25.3.1+6988455e9e
	   |-- fabric-screen-api-v1 5.1.0+48e3c0b09e
	   \-- fabric-sound-api-v1 2.0.5+11a26f319e
	- fabric-api-base 2.0.4+ece063239e
	- fabric-api-lookup-api-v1 2.0.17+11e1c9a39e
	- fabric-biome-api-v1 18.0.6+c7bd5b8e9e
	- fabric-block-api-v1 3.0.3+ec56b6019e
	- fabric-block-getter-api-v2 2.0.7+ec56b6019e
	- fabric-command-api-v2 3.1.0+00cb03469e
	- fabric-content-registries-v0 11.2.2+b7a678a99e
	- fabric-convention-tags-v2 4.7.0+1f023a9e9e
	- fabric-crash-report-info-v1 1.0.5+086d547a9e
	- fabric-creative-tab-api-v1 5.0.14+d871b99e9e
	- fabric-data-attachment-api-v1 2.2.17+aa0fd6fe9e
	- fabric-data-generation-api-v1 25.4.4+9e7dc27f9e
	- fabric-debug-api-v1 1.0.2+c792624d9e
	- fabric-dimensions-v1 5.1.9+9cbf5da59e
	- fabric-entity-events-v1 5.0.5+06488ac19e
	- fabric-events-interaction-v0 5.2.6+8f57f7ee9e
	- fabric-game-rule-api-v1 4.0.8+46a6d00c9e
	- fabric-gametest-api-v1 4.0.21+4a7fa0819e
	- fabric-item-api-v1 14.2.0+7aec7be39e
	- fabric-lifecycle-events-v1 4.1.3+4575b05f9e
	- fabric-loot-api-v3 3.0.17+06488ac19e
	- fabric-menu-api-v1 2.0.16+086d547a9e
	- fabric-message-api-v1 7.0.7+086d547a9e
	- fabric-networking-api-v1 6.3.3+72073ef09e
	- fabric-object-builder-api-v1 24.1.0+6fcd5f039e
	- fabric-particles-v1 5.0.18+d1756aa99e
	- fabric-permission-api-v1 1.0.3+b7020ca29e
	- fabric-recipe-api-v1 9.0.20+11e1c9a39e
	- fabric-registry-sync-v0 7.1.0+c7bd5b8e9e
	- fabric-rendering-fluids-v1 6.0.4+06488ac19e
	- fabric-resource-conditions-api-v1 6.1.0+10e9a28b9e
	- fabric-resource-loader-v0 3.3.20+4fc5413f9e
	- fabric-resource-loader-v1 2.0.13+9edec1269e
	- fabric-serialization-api-v1 2.0.4+11a26f319e
	- fabric-tag-api-v1 2.1.3+794df31d9e
	- fabric-transfer-api-v1 8.0.11+39b5a3929e
	- fabric-transitive-access-wideners-v1 8.1.4+67c847259e
	- fabricloader 0.19.3
	- java 25
	- minecraft 26.2
	- mixinextras 0.5.4
	- smart_survival_architect 0.1.0-SNAPSHOT
[19:49:24] [main/INFO] (FabricLoader/Mixin) SpongePowered MIXIN Subsystem Version=0.8.7 Source=file:/C:/Users/clone/.gradle/caches/modules-2/files-2.1/net.fabricmc/sponge-mixin/0.17.3+mixin.0.8.7/41c4a3984a80f4679e759fb9f495587acc5cdac7/sponge-mixin-0.17.3+mixin.0.8.7.jar Service=Knot/Fabric Env=SERVER
[19:49:24] [main/INFO] (FabricLoader/Mixin) Compatibility level set to JAVA_25
[19:49:25] [main/INFO] (FabricLoader/MixinExtras|Service) Initializing MixinExtras via com.llamalad7.mixinextras.service.MixinExtrasServiceImpl(version=0.5.4).
[19:49:30] [main/INFO] (smart_survival_architect) SSA_S1_COMMON_READY block=smart_survival_architect:spike_marker
[19:49:30] [main/INFO] (Minecraft) Environment: Environment[sessionHost=https://sessionserver.mojang.com, servicesHost=https://api.minecraftservices.com, profilesHost=https://api.mojang.com, name=PROD]
[19:49:31] [main/INFO] (Minecraft) Loaded 1585 recipes
[19:49:31] [main/INFO] (Minecraft) Loaded 1688 advancements
[19:49:32] [main/INFO] (BiomeModificationImpl) Applied 0 biome modifications to 0 of 66 new biomes in 1.166 ms
[19:49:32] [Server thread/INFO] (Minecraft) Starting minecraft server version 26.2
[19:49:32] [Server thread/INFO] (Minecraft) Loading properties
[19:49:32] [Server thread/INFO] (Minecraft) Default game type: SURVIVAL
[19:49:32] [Server thread/INFO] (Minecraft) Generating keypair
[19:49:32] [Server thread/INFO] (Minecraft) Starting Minecraft server on *:0
[19:49:32] [Server thread/INFO] (Minecraft) Preparing level "world"
[19:49:32] [Server thread/INFO] (Minecraft) Loading 0 persistent chunks...
[19:49:32] [Server thread/INFO] (Minecraft) Preparing spawn area: 100%
[19:49:32] [Server thread/INFO] (Minecraft) Time elapsed: 55 ms
[19:49:32] [Server thread/INFO] (Minecraft) Done (0.328s)! For help, type "help"
[19:49:32] [Server thread/INFO] (Minecraft) Saving chunks for level 'ServerLevel[world]'/minecraft:overworld
[19:49:32] [Server thread/INFO] (Minecraft) Saving chunks for level 'ServerLevel[world]'/minecraft:the_end
[19:49:32] [Server thread/INFO] (Minecraft) Saving chunks for level 'ServerLevel[world]'/minecraft:the_nether
[19:49:32] [Server thread/INFO] (Minecraft) ThreadedAnvilChunkStorage (world): All chunks are saved
[19:49:32] [Server thread/INFO] (Minecraft) ThreadedAnvilChunkStorage (DIM1): All chunks are saved
[19:49:32] [Server thread/INFO] (Minecraft) ThreadedAnvilChunkStorage (DIM-1): All chunks are saved
[19:49:32] [Server thread/INFO] (Minecraft) ThreadedAnvilChunkStorage: All dimensions are saved
SSA_S5_RECOVERY fixture=s5-after-append-before-fsync-ack boundary=after_append_before_fsync_ack first=ABORTED second=NO_ACTIVE_INTENT scheduled=true world=fcd156d8-5cf8-4acf-a9b9-b0e9d1c1a231 metadata=true exact=true
[19:49:32] [Server thread/INFO] (Minecraft) Stopping server
[19:49:32] [Server thread/INFO] (Minecraft) Saving players
[19:49:32] [Server thread/INFO] (Minecraft) Saving worlds
[19:49:32] [Server thread/INFO] (Minecraft) Saving chunks for level 'ServerLevel[world]'/minecraft:overworld
[19:49:32] [Server thread/INFO] (Minecraft) Saving chunks for level 'ServerLevel[world]'/minecraft:the_end
[19:49:32] [Server thread/INFO] (Minecraft) Saving chunks for level 'ServerLevel[world]'/minecraft:the_nether
[19:49:32] [Server thread/INFO] (Minecraft) ThreadedAnvilChunkStorage (world): All chunks are saved
[19:49:32] [Server thread/INFO] (Minecraft) ThreadedAnvilChunkStorage (DIM1): All chunks are saved
[19:49:32] [Server thread/INFO] (Minecraft) ThreadedAnvilChunkStorage (DIM-1): All chunks are saved
[19:49:32] [Server thread/INFO] (Minecraft) ThreadedAnvilChunkStorage: All dimensions are saved

BUILD SUCCESSFUL in 15s
12 actionable tasks: 3 executed, 9 up-to-date

CASE=s5-after-durable-prepared MODE=crash BOUNDARY=after_durable_prepared
STARTED=2026-08-11T19:49:33.5644514+07:00
FINISHED=2026-08-11T19:49:48.6105717+07:00
GRADLE_EXIT_CODE=1
To honour the JVM settings for this build a single-use Daemon process will be forked. For more on this, please refer to https://docs.gradle.org/9.5.1/userguide/gradle_daemon.html#sec:disabling_the_daemon in the Gradle documentation.
Daemon will be stopped at the end of the build

> Configure project :platform-fabric
Fabric Loom: 1.17.19

> Task :minecraft-common:processResources NO-SOURCE
> Task :construction-core:processResources NO-SOURCE
> Task :platform-fabric:processResources UP-TO-DATE
> Task :architect-core:compileJava UP-TO-DATE
> Task :architect-core:processResources NO-SOURCE
> Task :architect-core:classes UP-TO-DATE
> Task :platform-fabric:deleteGameTestRunDir
> Task :architect-core:jar UP-TO-DATE
> Task :construction-core:compileJava UP-TO-DATE
> Task :construction-core:classes UP-TO-DATE
> Task :minecraft-common:compileJava NO-SOURCE
> Task :minecraft-common:classes UP-TO-DATE
> Task :platform-fabric:acceptGameTestEula
> Task :construction-core:jar UP-TO-DATE
> Task :minecraft-common:jar UP-TO-DATE
> Task :platform-fabric:compileJava UP-TO-DATE
> Task :platform-fabric:classes UP-TO-DATE
> Task :platform-fabric:generateLog4jConfig UP-TO-DATE
> Task :platform-fabric:generateDLIConfig UP-TO-DATE
> Task :platform-fabric:configureLaunch

> Task :platform-fabric:runServer
[19:49:40] [main/INFO] (FabricLoader/GameProvider) Loading Minecraft 26.2 with Fabric Loader 0.19.3
[19:49:40] [main/INFO] (FabricLoader/Mappings) Mappings not present!
[19:49:40] [main/INFO] (FabricLoader) Loading 43 mods:
	- fabric-api 0.154.2+26.2
	   |-- fabric-key-mapping-api-v1 2.0.5+e2bdee789e
	   |-- fabric-model-loading-api-v1 8.0.15+c80601bb9e
	   |-- fabric-renderer-api-v1 14.1.2+2b0d8a229e
	   |-- fabric-renderer-indigo 9.1.2+2b0d8a229e
	   |-- fabric-rendering-v1 25.3.1+6988455e9e
	   |-- fabric-screen-api-v1 5.1.0+48e3c0b09e
	   \-- fabric-sound-api-v1 2.0.5+11a26f319e
	- fabric-api-base 2.0.4+ece063239e
	- fabric-api-lookup-api-v1 2.0.17+11e1c9a39e
	- fabric-biome-api-v1 18.0.6+c7bd5b8e9e
	- fabric-block-api-v1 3.0.3+ec56b6019e
	- fabric-block-getter-api-v2 2.0.7+ec56b6019e
	- fabric-command-api-v2 3.1.0+00cb03469e
	- fabric-content-registries-v0 11.2.2+b7a678a99e
	- fabric-convention-tags-v2 4.7.0+1f023a9e9e
	- fabric-crash-report-info-v1 1.0.5+086d547a9e
	- fabric-creative-tab-api-v1 5.0.14+d871b99e9e
	- fabric-data-attachment-api-v1 2.2.17+aa0fd6fe9e
	- fabric-data-generation-api-v1 25.4.4+9e7dc27f9e
	- fabric-debug-api-v1 1.0.2+c792624d9e
	- fabric-dimensions-v1 5.1.9+9cbf5da59e
	- fabric-entity-events-v1 5.0.5+06488ac19e
	- fabric-events-interaction-v0 5.2.6+8f57f7ee9e
	- fabric-game-rule-api-v1 4.0.8+46a6d00c9e
	- fabric-gametest-api-v1 4.0.21+4a7fa0819e
	- fabric-item-api-v1 14.2.0+7aec7be39e
	- fabric-lifecycle-events-v1 4.1.3+4575b05f9e
	- fabric-loot-api-v3 3.0.17+06488ac19e
	- fabric-menu-api-v1 2.0.16+086d547a9e
	- fabric-message-api-v1 7.0.7+086d547a9e
	- fabric-networking-api-v1 6.3.3+72073ef09e
	- fabric-object-builder-api-v1 24.1.0+6fcd5f039e
	- fabric-particles-v1 5.0.18+d1756aa99e
	- fabric-permission-api-v1 1.0.3+b7020ca29e
	- fabric-recipe-api-v1 9.0.20+11e1c9a39e
	- fabric-registry-sync-v0 7.1.0+c7bd5b8e9e
	- fabric-rendering-fluids-v1 6.0.4+06488ac19e
	- fabric-resource-conditions-api-v1 6.1.0+10e9a28b9e
	- fabric-resource-loader-v0 3.3.20+4fc5413f9e
	- fabric-resource-loader-v1 2.0.13+9edec1269e
	- fabric-serialization-api-v1 2.0.4+11a26f319e
	- fabric-tag-api-v1 2.1.3+794df31d9e
	- fabric-transfer-api-v1 8.0.11+39b5a3929e
	- fabric-transitive-access-wideners-v1 8.1.4+67c847259e
	- fabricloader 0.19.3
	- java 25
	- minecraft 26.2
	- mixinextras 0.5.4
	- smart_survival_architect 0.1.0-SNAPSHOT
[19:49:40] [main/INFO] (FabricLoader/Mixin) SpongePowered MIXIN Subsystem Version=0.8.7 Source=file:/C:/Users/clone/.gradle/caches/modules-2/files-2.1/net.fabricmc/sponge-mixin/0.17.3+mixin.0.8.7/41c4a3984a80f4679e759fb9f495587acc5cdac7/sponge-mixin-0.17.3+mixin.0.8.7.jar Service=Knot/Fabric Env=SERVER
[19:49:40] [main/INFO] (FabricLoader/Mixin) Compatibility level set to JAVA_25
[19:49:40] [main/INFO] (FabricLoader/MixinExtras|Service) Initializing MixinExtras via com.llamalad7.mixinextras.service.MixinExtrasServiceImpl(version=0.5.4).
[19:49:45] [main/INFO] (smart_survival_architect) SSA_S1_COMMON_READY block=smart_survival_architect:spike_marker
[19:49:45] [main/INFO] (Minecraft) Environment: Environment[sessionHost=https://sessionserver.mojang.com, servicesHost=https://api.minecraftservices.com, profilesHost=https://api.mojang.com, name=PROD]
[19:49:47] [main/INFO] (Minecraft) Loaded 1585 recipes
[19:49:47] [main/INFO] (Minecraft) Loaded 1688 advancements
[19:49:47] [main/INFO] (BiomeModificationImpl) Applied 0 biome modifications to 0 of 66 new biomes in 1.136 ms
[19:49:47] [Server thread/INFO] (Minecraft) Starting minecraft server version 26.2
[19:49:47] [Server thread/INFO] (Minecraft) Loading properties
[19:49:47] [Server thread/INFO] (Minecraft) Default game type: SURVIVAL
[19:49:47] [Server thread/INFO] (Minecraft) Generating keypair
[19:49:47] [Server thread/INFO] (Minecraft) Starting Minecraft server on *:0
[19:49:47] [Server thread/INFO] (Minecraft) Preparing level "world"
[19:49:47] [Server thread/INFO] (Minecraft) Loading 0 persistent chunks...
[19:49:48] [Server thread/INFO] (Minecraft) Preparing spawn area: 100%
[19:49:48] [Server thread/INFO] (Minecraft) Time elapsed: 96 ms
[19:49:48] [Server thread/INFO] (Minecraft) Done (0.580s)! For help, type "help"
[19:49:48] [Server thread/INFO] (Minecraft) Saving chunks for level 'ServerLevel[world]'/minecraft:overworld
[19:49:48] [Server thread/INFO] (Minecraft) Saving chunks for level 'ServerLevel[world]'/minecraft:the_end
[19:49:48] [Server thread/INFO] (Minecraft) Saving chunks for level 'ServerLevel[world]'/minecraft:the_nether
[19:49:48] [Server thread/INFO] (Minecraft) ThreadedAnvilChunkStorage (world): All chunks are saved
[19:49:48] [Server thread/INFO] (Minecraft) ThreadedAnvilChunkStorage (DIM1): All chunks are saved
[19:49:48] [Server thread/INFO] (Minecraft) ThreadedAnvilChunkStorage (DIM-1): All chunks are saved
[19:49:48] [Server thread/INFO] (Minecraft) ThreadedAnvilChunkStorage: All dimensions are saved
SSA_S5_CRASH fixture=s5-after-durable-prepared boundary=after_durable_prepared exit=70

> Task :platform-fabric:runServer FAILED
12 actionable tasks: 3 executed, 9 up-to-date


FAILURE: Build failed with an exception.

* What went wrong:
Execution failed for task ':platform-fabric:runServer' (registered by plugin 'fabric-loom').
> Process 'command 'C:\Program Files\Eclipse Adoptium\jdk-25.0.4.7-hotspot\bin\java.exe'' finished with non-zero exit value 70

* Try:
> Run with --stacktrace option to get the stack trace.
> Run with --info or --debug option to get more log output.
> Run with --scan to get full insights from a Build Scan (powered by Develocity).
> Get more help at https://help.gradle.org.

BUILD FAILED in 14s

CASE=s5-after-durable-prepared MODE=recover BOUNDARY=after_durable_prepared
STARTED=2026-08-11T19:49:48.6115728+07:00
FINISHED=2026-08-11T19:50:03.4973855+07:00
GRADLE_EXIT_CODE=0
To honour the JVM settings for this build a single-use Daemon process will be forked. For more on this, please refer to https://docs.gradle.org/9.5.1/userguide/gradle_daemon.html#sec:disabling_the_daemon in the Gradle documentation.
Daemon will be stopped at the end of the build

> Configure project :platform-fabric
Fabric Loom: 1.17.19

> Task :minecraft-common:processResources NO-SOURCE
> Task :construction-core:processResources NO-SOURCE
> Task :platform-fabric:processResources UP-TO-DATE
> Task :architect-core:compileJava UP-TO-DATE
> Task :architect-core:processResources NO-SOURCE
> Task :architect-core:classes UP-TO-DATE
> Task :platform-fabric:deleteGameTestRunDir
> Task :architect-core:jar UP-TO-DATE
> Task :construction-core:compileJava UP-TO-DATE
> Task :construction-core:classes UP-TO-DATE
> Task :minecraft-common:compileJava NO-SOURCE
> Task :minecraft-common:classes UP-TO-DATE
> Task :construction-core:jar UP-TO-DATE
> Task :platform-fabric:acceptGameTestEula
> Task :minecraft-common:jar UP-TO-DATE
> Task :platform-fabric:compileJava UP-TO-DATE
> Task :platform-fabric:classes UP-TO-DATE
> Task :platform-fabric:generateLog4jConfig UP-TO-DATE
> Task :platform-fabric:generateDLIConfig UP-TO-DATE
> Task :platform-fabric:configureLaunch

> Task :platform-fabric:runServer
[19:49:54] [main/INFO] (FabricLoader/GameProvider) Loading Minecraft 26.2 with Fabric Loader 0.19.3
[19:49:54] [main/INFO] (FabricLoader/Mappings) Mappings not present!
[19:49:55] [main/INFO] (FabricLoader) Loading 43 mods:
	- fabric-api 0.154.2+26.2
	   |-- fabric-key-mapping-api-v1 2.0.5+e2bdee789e
	   |-- fabric-model-loading-api-v1 8.0.15+c80601bb9e
	   |-- fabric-renderer-api-v1 14.1.2+2b0d8a229e
	   |-- fabric-renderer-indigo 9.1.2+2b0d8a229e
	   |-- fabric-rendering-v1 25.3.1+6988455e9e
	   |-- fabric-screen-api-v1 5.1.0+48e3c0b09e
	   \-- fabric-sound-api-v1 2.0.5+11a26f319e
	- fabric-api-base 2.0.4+ece063239e
	- fabric-api-lookup-api-v1 2.0.17+11e1c9a39e
	- fabric-biome-api-v1 18.0.6+c7bd5b8e9e
	- fabric-block-api-v1 3.0.3+ec56b6019e
	- fabric-block-getter-api-v2 2.0.7+ec56b6019e
	- fabric-command-api-v2 3.1.0+00cb03469e
	- fabric-content-registries-v0 11.2.2+b7a678a99e
	- fabric-convention-tags-v2 4.7.0+1f023a9e9e
	- fabric-crash-report-info-v1 1.0.5+086d547a9e
	- fabric-creative-tab-api-v1 5.0.14+d871b99e9e
	- fabric-data-attachment-api-v1 2.2.17+aa0fd6fe9e
	- fabric-data-generation-api-v1 25.4.4+9e7dc27f9e
	- fabric-debug-api-v1 1.0.2+c792624d9e
	- fabric-dimensions-v1 5.1.9+9cbf5da59e
	- fabric-entity-events-v1 5.0.5+06488ac19e
	- fabric-events-interaction-v0 5.2.6+8f57f7ee9e
	- fabric-game-rule-api-v1 4.0.8+46a6d00c9e
	- fabric-gametest-api-v1 4.0.21+4a7fa0819e
	- fabric-item-api-v1 14.2.0+7aec7be39e
	- fabric-lifecycle-events-v1 4.1.3+4575b05f9e
	- fabric-loot-api-v3 3.0.17+06488ac19e
	- fabric-menu-api-v1 2.0.16+086d547a9e
	- fabric-message-api-v1 7.0.7+086d547a9e
	- fabric-networking-api-v1 6.3.3+72073ef09e
	- fabric-object-builder-api-v1 24.1.0+6fcd5f039e
	- fabric-particles-v1 5.0.18+d1756aa99e
	- fabric-permission-api-v1 1.0.3+b7020ca29e
	- fabric-recipe-api-v1 9.0.20+11e1c9a39e
	- fabric-registry-sync-v0 7.1.0+c7bd5b8e9e
	- fabric-rendering-fluids-v1 6.0.4+06488ac19e
	- fabric-resource-conditions-api-v1 6.1.0+10e9a28b9e
	- fabric-resource-loader-v0 3.3.20+4fc5413f9e
	- fabric-resource-loader-v1 2.0.13+9edec1269e
	- fabric-serialization-api-v1 2.0.4+11a26f319e
	- fabric-tag-api-v1 2.1.3+794df31d9e
	- fabric-transfer-api-v1 8.0.11+39b5a3929e
	- fabric-transitive-access-wideners-v1 8.1.4+67c847259e
	- fabricloader 0.19.3
	- java 25
	- minecraft 26.2
	- mixinextras 0.5.4
	- smart_survival_architect 0.1.0-SNAPSHOT
[19:49:55] [main/INFO] (FabricLoader/Mixin) SpongePowered MIXIN Subsystem Version=0.8.7 Source=file:/C:/Users/clone/.gradle/caches/modules-2/files-2.1/net.fabricmc/sponge-mixin/0.17.3+mixin.0.8.7/41c4a3984a80f4679e759fb9f495587acc5cdac7/sponge-mixin-0.17.3+mixin.0.8.7.jar Service=Knot/Fabric Env=SERVER
[19:49:55] [main/INFO] (FabricLoader/Mixin) Compatibility level set to JAVA_25
[19:49:55] [main/INFO] (FabricLoader/MixinExtras|Service) Initializing MixinExtras via com.llamalad7.mixinextras.service.MixinExtrasServiceImpl(version=0.5.4).
[19:50:00] [main/INFO] (smart_survival_architect) SSA_S1_COMMON_READY block=smart_survival_architect:spike_marker
[19:50:00] [main/INFO] (Minecraft) Environment: Environment[sessionHost=https://sessionserver.mojang.com, servicesHost=https://api.minecraftservices.com, profilesHost=https://api.mojang.com, name=PROD]
[19:50:01] [main/INFO] (Minecraft) Loaded 1585 recipes
[19:50:01] [main/INFO] (Minecraft) Loaded 1688 advancements
[19:50:02] [main/INFO] (BiomeModificationImpl) Applied 0 biome modifications to 0 of 66 new biomes in 1.380 ms
[19:50:02] [Server thread/INFO] (Minecraft) Starting minecraft server version 26.2
[19:50:02] [Server thread/INFO] (Minecraft) Loading properties
[19:50:02] [Server thread/INFO] (Minecraft) Default game type: SURVIVAL
[19:50:02] [Server thread/INFO] (Minecraft) Generating keypair
[19:50:02] [Server thread/INFO] (Minecraft) Starting Minecraft server on *:0
[19:50:02] [Server thread/INFO] (Minecraft) Preparing level "world"
[19:50:02] [Server thread/INFO] (Minecraft) Loading 0 persistent chunks...
[19:50:02] [Server thread/INFO] (Minecraft) Preparing spawn area: 100%
[19:50:02] [Server thread/INFO] (Minecraft) Time elapsed: 65 ms
[19:50:02] [Server thread/INFO] (Minecraft) Done (0.406s)! For help, type "help"
[19:50:02] [Server thread/INFO] (Minecraft) Saving chunks for level 'ServerLevel[world]'/minecraft:overworld
[19:50:02] [Server thread/INFO] (Minecraft) Saving chunks for level 'ServerLevel[world]'/minecraft:the_nether
[19:50:02] [Server thread/INFO] (Minecraft) Saving chunks for level 'ServerLevel[world]'/minecraft:the_end
[19:50:02] [Server thread/INFO] (Minecraft) ThreadedAnvilChunkStorage (world): All chunks are saved
[19:50:02] [Server thread/INFO] (Minecraft) ThreadedAnvilChunkStorage (DIM-1): All chunks are saved
[19:50:02] [Server thread/INFO] (Minecraft) ThreadedAnvilChunkStorage (DIM1): All chunks are saved
[19:50:02] [Server thread/INFO] (Minecraft) ThreadedAnvilChunkStorage: All dimensions are saved
SSA_S5_RECOVERY fixture=s5-after-durable-prepared boundary=after_durable_prepared first=ABORTED second=NO_ACTIVE_INTENT scheduled=true world=fcd156d8-5cf8-4acf-a9b9-b0e9d1c1a231 metadata=true exact=true
[19:50:02] [Server thread/INFO] (Minecraft) Stopping server
[19:50:02] [Server thread/INFO] (Minecraft) Saving players
[19:50:02] [Server thread/INFO] (Minecraft) Saving worlds
[19:50:02] [Server thread/INFO] (Minecraft) Saving chunks for level 'ServerLevel[world]'/minecraft:overworld
[19:50:02] [Server thread/INFO] (Minecraft) Saving chunks for level 'ServerLevel[world]'/minecraft:the_nether
[19:50:02] [Server thread/INFO] (Minecraft) Saving chunks for level 'ServerLevel[world]'/minecraft:the_end
[19:50:03] [Server thread/INFO] (Minecraft) ThreadedAnvilChunkStorage (world): All chunks are saved
[19:50:03] [Server thread/INFO] (Minecraft) ThreadedAnvilChunkStorage (DIM-1): All chunks are saved
[19:50:03] [Server thread/INFO] (Minecraft) ThreadedAnvilChunkStorage (DIM1): All chunks are saved
[19:50:03] [Server thread/INFO] (Minecraft) ThreadedAnvilChunkStorage: All dimensions are saved

BUILD SUCCESSFUL in 14s
12 actionable tasks: 3 executed, 9 up-to-date

CASE=s5-after-delta-1 MODE=crash BOUNDARY=after_delta_1
STARTED=2026-08-11T19:50:03.5139804+07:00
FINISHED=2026-08-11T19:50:18.8120598+07:00
GRADLE_EXIT_CODE=1
To honour the JVM settings for this build a single-use Daemon process will be forked. For more on this, please refer to https://docs.gradle.org/9.5.1/userguide/gradle_daemon.html#sec:disabling_the_daemon in the Gradle documentation.
Daemon will be stopped at the end of the build

> Configure project :platform-fabric
Fabric Loom: 1.17.19

> Task :construction-core:processResources NO-SOURCE
> Task :minecraft-common:processResources NO-SOURCE
> Task :platform-fabric:processResources UP-TO-DATE
> Task :architect-core:compileJava UP-TO-DATE
> Task :architect-core:processResources NO-SOURCE
> Task :architect-core:classes UP-TO-DATE
> Task :platform-fabric:deleteGameTestRunDir
> Task :architect-core:jar UP-TO-DATE
> Task :construction-core:compileJava UP-TO-DATE
> Task :construction-core:classes UP-TO-DATE
> Task :minecraft-common:compileJava NO-SOURCE
> Task :minecraft-common:classes UP-TO-DATE
> Task :construction-core:jar UP-TO-DATE
> Task :minecraft-common:jar UP-TO-DATE
> Task :platform-fabric:acceptGameTestEula
> Task :platform-fabric:compileJava UP-TO-DATE
> Task :platform-fabric:classes UP-TO-DATE
> Task :platform-fabric:generateLog4jConfig UP-TO-DATE
> Task :platform-fabric:generateDLIConfig UP-TO-DATE
> Task :platform-fabric:configureLaunch

> Task :platform-fabric:runServer
[19:50:10] [main/INFO] (FabricLoader/GameProvider) Loading Minecraft 26.2 with Fabric Loader 0.19.3
[19:50:10] [main/INFO] (FabricLoader/Mappings) Mappings not present!
[19:50:10] [main/INFO] (FabricLoader) Loading 43 mods:
	- fabric-api 0.154.2+26.2
	   |-- fabric-key-mapping-api-v1 2.0.5+e2bdee789e
	   |-- fabric-model-loading-api-v1 8.0.15+c80601bb9e
	   |-- fabric-renderer-api-v1 14.1.2+2b0d8a229e
	   |-- fabric-renderer-indigo 9.1.2+2b0d8a229e
	   |-- fabric-rendering-v1 25.3.1+6988455e9e
	   |-- fabric-screen-api-v1 5.1.0+48e3c0b09e
	   \-- fabric-sound-api-v1 2.0.5+11a26f319e
	- fabric-api-base 2.0.4+ece063239e
	- fabric-api-lookup-api-v1 2.0.17+11e1c9a39e
	- fabric-biome-api-v1 18.0.6+c7bd5b8e9e
	- fabric-block-api-v1 3.0.3+ec56b6019e
	- fabric-block-getter-api-v2 2.0.7+ec56b6019e
	- fabric-command-api-v2 3.1.0+00cb03469e
	- fabric-content-registries-v0 11.2.2+b7a678a99e
	- fabric-convention-tags-v2 4.7.0+1f023a9e9e
	- fabric-crash-report-info-v1 1.0.5+086d547a9e
	- fabric-creative-tab-api-v1 5.0.14+d871b99e9e
	- fabric-data-attachment-api-v1 2.2.17+aa0fd6fe9e
	- fabric-data-generation-api-v1 25.4.4+9e7dc27f9e
	- fabric-debug-api-v1 1.0.2+c792624d9e
	- fabric-dimensions-v1 5.1.9+9cbf5da59e
	- fabric-entity-events-v1 5.0.5+06488ac19e
	- fabric-events-interaction-v0 5.2.6+8f57f7ee9e
	- fabric-game-rule-api-v1 4.0.8+46a6d00c9e
	- fabric-gametest-api-v1 4.0.21+4a7fa0819e
	- fabric-item-api-v1 14.2.0+7aec7be39e
	- fabric-lifecycle-events-v1 4.1.3+4575b05f9e
	- fabric-loot-api-v3 3.0.17+06488ac19e
	- fabric-menu-api-v1 2.0.16+086d547a9e
	- fabric-message-api-v1 7.0.7+086d547a9e
	- fabric-networking-api-v1 6.3.3+72073ef09e
	- fabric-object-builder-api-v1 24.1.0+6fcd5f039e
	- fabric-particles-v1 5.0.18+d1756aa99e
	- fabric-permission-api-v1 1.0.3+b7020ca29e
	- fabric-recipe-api-v1 9.0.20+11e1c9a39e
	- fabric-registry-sync-v0 7.1.0+c7bd5b8e9e
	- fabric-rendering-fluids-v1 6.0.4+06488ac19e
	- fabric-resource-conditions-api-v1 6.1.0+10e9a28b9e
	- fabric-resource-loader-v0 3.3.20+4fc5413f9e
	- fabric-resource-loader-v1 2.0.13+9edec1269e
	- fabric-serialization-api-v1 2.0.4+11a26f319e
	- fabric-tag-api-v1 2.1.3+794df31d9e
	- fabric-transfer-api-v1 8.0.11+39b5a3929e
	- fabric-transitive-access-wideners-v1 8.1.4+67c847259e
	- fabricloader 0.19.3
	- java 25
	- minecraft 26.2
	- mixinextras 0.5.4
	- smart_survival_architect 0.1.0-SNAPSHOT
[19:50:10] [main/INFO] (FabricLoader/Mixin) SpongePowered MIXIN Subsystem Version=0.8.7 Source=file:/C:/Users/clone/.gradle/caches/modules-2/files-2.1/net.fabricmc/sponge-mixin/0.17.3+mixin.0.8.7/41c4a3984a80f4679e759fb9f495587acc5cdac7/sponge-mixin-0.17.3+mixin.0.8.7.jar Service=Knot/Fabric Env=SERVER
[19:50:10] [main/INFO] (FabricLoader/Mixin) Compatibility level set to JAVA_25
[19:50:10] [main/INFO] (FabricLoader/MixinExtras|Service) Initializing MixinExtras via com.llamalad7.mixinextras.service.MixinExtrasServiceImpl(version=0.5.4).
[19:50:15] [main/INFO] (smart_survival_architect) SSA_S1_COMMON_READY block=smart_survival_architect:spike_marker
[19:50:16] [main/INFO] (Minecraft) Environment: Environment[sessionHost=https://sessionserver.mojang.com, servicesHost=https://api.minecraftservices.com, profilesHost=https://api.mojang.com, name=PROD]
[19:50:17] [main/INFO] (Minecraft) Loaded 1585 recipes
[19:50:17] [main/INFO] (Minecraft) Loaded 1688 advancements
[19:50:17] [main/INFO] (BiomeModificationImpl) Applied 0 biome modifications to 0 of 66 new biomes in 1.832 ms
[19:50:17] [Server thread/INFO] (Minecraft) Starting minecraft server version 26.2
[19:50:17] [Server thread/INFO] (Minecraft) Loading properties
[19:50:17] [Server thread/INFO] (Minecraft) Default game type: SURVIVAL
[19:50:17] [Server thread/INFO] (Minecraft) Generating keypair
[19:50:17] [Server thread/INFO] (Minecraft) Starting Minecraft server on *:0
[19:50:17] [Server thread/INFO] (Minecraft) Preparing level "world"
[19:50:18] [Server thread/INFO] (Minecraft) Loading 0 persistent chunks...
[19:50:18] [Server thread/INFO] (Minecraft) Preparing spawn area: 100%
[19:50:18] [Server thread/INFO] (Minecraft) Time elapsed: 63 ms
[19:50:18] [Server thread/INFO] (Minecraft) Done (0.390s)! For help, type "help"
[19:50:18] [Server thread/INFO] (Minecraft) Saving chunks for level 'ServerLevel[world]'/minecraft:overworld
[19:50:18] [Server thread/INFO] (Minecraft) Saving chunks for level 'ServerLevel[world]'/minecraft:the_nether
[19:50:18] [Server thread/INFO] (Minecraft) Saving chunks for level 'ServerLevel[world]'/minecraft:the_end
[19:50:18] [Server thread/INFO] (Minecraft) ThreadedAnvilChunkStorage (world): All chunks are saved
[19:50:18] [Server thread/INFO] (Minecraft) ThreadedAnvilChunkStorage (DIM-1): All chunks are saved
[19:50:18] [Server thread/INFO] (Minecraft) ThreadedAnvilChunkStorage (DIM1): All chunks are saved
[19:50:18] [Server thread/INFO] (Minecraft) ThreadedAnvilChunkStorage: All dimensions are saved
SSA_S5_CRASH fixture=s5-after-delta-1 boundary=after_delta_1 exit=70

> Task :platform-fabric:runServer FAILED
12 actionable tasks: 3 executed, 9 up-to-date


FAILURE: Build failed with an exception.

* What went wrong:
Execution failed for task ':platform-fabric:runServer' (registered by plugin 'fabric-loom').
> Process 'command 'C:\Program Files\Eclipse Adoptium\jdk-25.0.4.7-hotspot\bin\java.exe'' finished with non-zero exit value 70

* Try:
> Run with --stacktrace option to get the stack trace.
> Run with --info or --debug option to get more log output.
> Run with --scan to get full insights from a Build Scan (powered by Develocity).
> Get more help at https://help.gradle.org.

BUILD FAILED in 15s

CASE=s5-after-delta-1 MODE=recover BOUNDARY=after_delta_1
STARTED=2026-08-11T19:50:18.8130566+07:00
FINISHED=2026-08-11T19:50:33.8359367+07:00
GRADLE_EXIT_CODE=0
To honour the JVM settings for this build a single-use Daemon process will be forked. For more on this, please refer to https://docs.gradle.org/9.5.1/userguide/gradle_daemon.html#sec:disabling_the_daemon in the Gradle documentation.
Daemon will be stopped at the end of the build

> Configure project :platform-fabric
Fabric Loom: 1.17.19

> Task :construction-core:processResources NO-SOURCE
> Task :minecraft-common:processResources NO-SOURCE
> Task :platform-fabric:processResources UP-TO-DATE
> Task :architect-core:compileJava UP-TO-DATE
> Task :architect-core:processResources NO-SOURCE
> Task :architect-core:classes UP-TO-DATE
> Task :architect-core:jar UP-TO-DATE
> Task :platform-fabric:deleteGameTestRunDir
> Task :construction-core:compileJava UP-TO-DATE
> Task :construction-core:classes UP-TO-DATE
> Task :minecraft-common:compileJava NO-SOURCE
> Task :minecraft-common:classes UP-TO-DATE
> Task :construction-core:jar UP-TO-DATE
> Task :platform-fabric:acceptGameTestEula
> Task :minecraft-common:jar UP-TO-DATE
> Task :platform-fabric:compileJava UP-TO-DATE
> Task :platform-fabric:classes UP-TO-DATE
> Task :platform-fabric:generateLog4jConfig UP-TO-DATE
> Task :platform-fabric:generateDLIConfig UP-TO-DATE
> Task :platform-fabric:configureLaunch

> Task :platform-fabric:runServer
[19:50:25] [main/INFO] (FabricLoader/GameProvider) Loading Minecraft 26.2 with Fabric Loader 0.19.3
[19:50:25] [main/INFO] (FabricLoader/Mappings) Mappings not present!
[19:50:25] [main/INFO] (FabricLoader) Loading 43 mods:
	- fabric-api 0.154.2+26.2
	   |-- fabric-key-mapping-api-v1 2.0.5+e2bdee789e
	   |-- fabric-model-loading-api-v1 8.0.15+c80601bb9e
	   |-- fabric-renderer-api-v1 14.1.2+2b0d8a229e
	   |-- fabric-renderer-indigo 9.1.2+2b0d8a229e
	   |-- fabric-rendering-v1 25.3.1+6988455e9e
	   |-- fabric-screen-api-v1 5.1.0+48e3c0b09e
	   \-- fabric-sound-api-v1 2.0.5+11a26f319e
	- fabric-api-base 2.0.4+ece063239e
	- fabric-api-lookup-api-v1 2.0.17+11e1c9a39e
	- fabric-biome-api-v1 18.0.6+c7bd5b8e9e
	- fabric-block-api-v1 3.0.3+ec56b6019e
	- fabric-block-getter-api-v2 2.0.7+ec56b6019e
	- fabric-command-api-v2 3.1.0+00cb03469e
	- fabric-content-registries-v0 11.2.2+b7a678a99e
	- fabric-convention-tags-v2 4.7.0+1f023a9e9e
	- fabric-crash-report-info-v1 1.0.5+086d547a9e
	- fabric-creative-tab-api-v1 5.0.14+d871b99e9e
	- fabric-data-attachment-api-v1 2.2.17+aa0fd6fe9e
	- fabric-data-generation-api-v1 25.4.4+9e7dc27f9e
	- fabric-debug-api-v1 1.0.2+c792624d9e
	- fabric-dimensions-v1 5.1.9+9cbf5da59e
	- fabric-entity-events-v1 5.0.5+06488ac19e
	- fabric-events-interaction-v0 5.2.6+8f57f7ee9e
	- fabric-game-rule-api-v1 4.0.8+46a6d00c9e
	- fabric-gametest-api-v1 4.0.21+4a7fa0819e
	- fabric-item-api-v1 14.2.0+7aec7be39e
	- fabric-lifecycle-events-v1 4.1.3+4575b05f9e
	- fabric-loot-api-v3 3.0.17+06488ac19e
	- fabric-menu-api-v1 2.0.16+086d547a9e
	- fabric-message-api-v1 7.0.7+086d547a9e
	- fabric-networking-api-v1 6.3.3+72073ef09e
	- fabric-object-builder-api-v1 24.1.0+6fcd5f039e
	- fabric-particles-v1 5.0.18+d1756aa99e
	- fabric-permission-api-v1 1.0.3+b7020ca29e
	- fabric-recipe-api-v1 9.0.20+11e1c9a39e
	- fabric-registry-sync-v0 7.1.0+c7bd5b8e9e
	- fabric-rendering-fluids-v1 6.0.4+06488ac19e
	- fabric-resource-conditions-api-v1 6.1.0+10e9a28b9e
	- fabric-resource-loader-v0 3.3.20+4fc5413f9e
	- fabric-resource-loader-v1 2.0.13+9edec1269e
	- fabric-serialization-api-v1 2.0.4+11a26f319e
	- fabric-tag-api-v1 2.1.3+794df31d9e
	- fabric-transfer-api-v1 8.0.11+39b5a3929e
	- fabric-transitive-access-wideners-v1 8.1.4+67c847259e
	- fabricloader 0.19.3
	- java 25
	- minecraft 26.2
	- mixinextras 0.5.4
	- smart_survival_architect 0.1.0-SNAPSHOT
[19:50:25] [main/INFO] (FabricLoader/Mixin) SpongePowered MIXIN Subsystem Version=0.8.7 Source=file:/C:/Users/clone/.gradle/caches/modules-2/files-2.1/net.fabricmc/sponge-mixin/0.17.3+mixin.0.8.7/41c4a3984a80f4679e759fb9f495587acc5cdac7/sponge-mixin-0.17.3+mixin.0.8.7.jar Service=Knot/Fabric Env=SERVER
[19:50:25] [main/INFO] (FabricLoader/Mixin) Compatibility level set to JAVA_25
[19:50:25] [main/INFO] (FabricLoader/MixinExtras|Service) Initializing MixinExtras via com.llamalad7.mixinextras.service.MixinExtrasServiceImpl(version=0.5.4).
[19:50:30] [main/INFO] (smart_survival_architect) SSA_S1_COMMON_READY block=smart_survival_architect:spike_marker
[19:50:31] [main/INFO] (Minecraft) Environment: Environment[sessionHost=https://sessionserver.mojang.com, servicesHost=https://api.minecraftservices.com, profilesHost=https://api.mojang.com, name=PROD]
[19:50:32] [main/INFO] (Minecraft) Loaded 1585 recipes
[19:50:32] [main/INFO] (Minecraft) Loaded 1688 advancements
[19:50:32] [main/INFO] (BiomeModificationImpl) Applied 0 biome modifications to 0 of 66 new biomes in 1.035 ms
[19:50:32] [Server thread/INFO] (Minecraft) Starting minecraft server version 26.2
[19:50:32] [Server thread/INFO] (Minecraft) Loading properties
[19:50:32] [Server thread/INFO] (Minecraft) Default game type: SURVIVAL
[19:50:32] [Server thread/INFO] (Minecraft) Generating keypair
[19:50:32] [Server thread/INFO] (Minecraft) Starting Minecraft server on *:0
[19:50:32] [Server thread/INFO] (Minecraft) Preparing level "world"
[19:50:32] [Server thread/INFO] (Minecraft) Loading 0 persistent chunks...
[19:50:32] [Server thread/INFO] (Minecraft) Preparing spawn area: 100%
[19:50:32] [Server thread/INFO] (Minecraft) Time elapsed: 54 ms
[19:50:32] [Server thread/INFO] (Minecraft) Done (0.323s)! For help, type "help"
[19:50:32] [Server thread/INFO] (Minecraft) Saving chunks for level 'ServerLevel[world]'/minecraft:overworld
[19:50:32] [Server thread/INFO] (Minecraft) Saving chunks for level 'ServerLevel[world]'/minecraft:the_nether
[19:50:32] [Server thread/INFO] (Minecraft) Saving chunks for level 'ServerLevel[world]'/minecraft:the_end
[19:50:32] [Server thread/INFO] (Minecraft) ThreadedAnvilChunkStorage (world): All chunks are saved
[19:50:32] [Server thread/INFO] (Minecraft) ThreadedAnvilChunkStorage (DIM-1): All chunks are saved
[19:50:32] [Server thread/INFO] (Minecraft) ThreadedAnvilChunkStorage (DIM1): All chunks are saved
[19:50:32] [Server thread/INFO] (Minecraft) ThreadedAnvilChunkStorage: All dimensions are saved
SSA_S5_RECOVERY fixture=s5-after-delta-1 boundary=after_delta_1 first=COMMITTED second=NO_ACTIVE_INTENT scheduled=true world=fcd156d8-5cf8-4acf-a9b9-b0e9d1c1a231 metadata=true exact=true
[19:50:33] [Server thread/INFO] (Minecraft) Stopping server
[19:50:33] [Server thread/INFO] (Minecraft) Saving players
[19:50:33] [Server thread/INFO] (Minecraft) Saving worlds
[19:50:33] [Server thread/INFO] (Minecraft) Saving chunks for level 'ServerLevel[world]'/minecraft:overworld
[19:50:33] [Server thread/INFO] (Minecraft) Saving chunks for level 'ServerLevel[world]'/minecraft:the_nether
[19:50:33] [Server thread/INFO] (Minecraft) Saving chunks for level 'ServerLevel[world]'/minecraft:the_end
[19:50:33] [Server thread/INFO] (Minecraft) ThreadedAnvilChunkStorage (world): All chunks are saved
[19:50:33] [Server thread/INFO] (Minecraft) ThreadedAnvilChunkStorage (DIM-1): All chunks are saved
[19:50:33] [Server thread/INFO] (Minecraft) ThreadedAnvilChunkStorage (DIM1): All chunks are saved
[19:50:33] [Server thread/INFO] (Minecraft) ThreadedAnvilChunkStorage: All dimensions are saved

BUILD SUCCESSFUL in 14s
12 actionable tasks: 3 executed, 9 up-to-date

CASE=s5-after-delta-2 MODE=crash BOUNDARY=after_delta_2
STARTED=2026-08-11T19:50:33.8549553+07:00
FINISHED=2026-08-11T19:50:49.1811016+07:00
GRADLE_EXIT_CODE=1
To honour the JVM settings for this build a single-use Daemon process will be forked. For more on this, please refer to https://docs.gradle.org/9.5.1/userguide/gradle_daemon.html#sec:disabling_the_daemon in the Gradle documentation.
Daemon will be stopped at the end of the build

> Configure project :platform-fabric
Fabric Loom: 1.17.19

> Task :minecraft-common:processResources NO-SOURCE
> Task :construction-core:processResources NO-SOURCE
> Task :platform-fabric:processResources UP-TO-DATE
> Task :architect-core:compileJava UP-TO-DATE
> Task :architect-core:processResources NO-SOURCE
> Task :architect-core:classes UP-TO-DATE
> Task :platform-fabric:deleteGameTestRunDir
> Task :architect-core:jar UP-TO-DATE
> Task :construction-core:compileJava UP-TO-DATE
> Task :construction-core:classes UP-TO-DATE
> Task :minecraft-common:compileJava NO-SOURCE
> Task :minecraft-common:classes UP-TO-DATE
> Task :construction-core:jar UP-TO-DATE
> Task :platform-fabric:acceptGameTestEula
> Task :minecraft-common:jar UP-TO-DATE
> Task :platform-fabric:compileJava UP-TO-DATE
> Task :platform-fabric:classes UP-TO-DATE
> Task :platform-fabric:generateLog4jConfig UP-TO-DATE
> Task :platform-fabric:generateDLIConfig UP-TO-DATE
> Task :platform-fabric:configureLaunch

> Task :platform-fabric:runServer
[19:50:40] [main/INFO] (FabricLoader/GameProvider) Loading Minecraft 26.2 with Fabric Loader 0.19.3
[19:50:40] [main/INFO] (FabricLoader/Mappings) Mappings not present!
[19:50:40] [main/INFO] (FabricLoader) Loading 43 mods:
	- fabric-api 0.154.2+26.2
	   |-- fabric-key-mapping-api-v1 2.0.5+e2bdee789e
	   |-- fabric-model-loading-api-v1 8.0.15+c80601bb9e
	   |-- fabric-renderer-api-v1 14.1.2+2b0d8a229e
	   |-- fabric-renderer-indigo 9.1.2+2b0d8a229e
	   |-- fabric-rendering-v1 25.3.1+6988455e9e
	   |-- fabric-screen-api-v1 5.1.0+48e3c0b09e
	   \-- fabric-sound-api-v1 2.0.5+11a26f319e
	- fabric-api-base 2.0.4+ece063239e
	- fabric-api-lookup-api-v1 2.0.17+11e1c9a39e
	- fabric-biome-api-v1 18.0.6+c7bd5b8e9e
	- fabric-block-api-v1 3.0.3+ec56b6019e
	- fabric-block-getter-api-v2 2.0.7+ec56b6019e
	- fabric-command-api-v2 3.1.0+00cb03469e
	- fabric-content-registries-v0 11.2.2+b7a678a99e
	- fabric-convention-tags-v2 4.7.0+1f023a9e9e
	- fabric-crash-report-info-v1 1.0.5+086d547a9e
	- fabric-creative-tab-api-v1 5.0.14+d871b99e9e
	- fabric-data-attachment-api-v1 2.2.17+aa0fd6fe9e
	- fabric-data-generation-api-v1 25.4.4+9e7dc27f9e
	- fabric-debug-api-v1 1.0.2+c792624d9e
	- fabric-dimensions-v1 5.1.9+9cbf5da59e
	- fabric-entity-events-v1 5.0.5+06488ac19e
	- fabric-events-interaction-v0 5.2.6+8f57f7ee9e
	- fabric-game-rule-api-v1 4.0.8+46a6d00c9e
	- fabric-gametest-api-v1 4.0.21+4a7fa0819e
	- fabric-item-api-v1 14.2.0+7aec7be39e
	- fabric-lifecycle-events-v1 4.1.3+4575b05f9e
	- fabric-loot-api-v3 3.0.17+06488ac19e
	- fabric-menu-api-v1 2.0.16+086d547a9e
	- fabric-message-api-v1 7.0.7+086d547a9e
	- fabric-networking-api-v1 6.3.3+72073ef09e
	- fabric-object-builder-api-v1 24.1.0+6fcd5f039e
	- fabric-particles-v1 5.0.18+d1756aa99e
	- fabric-permission-api-v1 1.0.3+b7020ca29e
	- fabric-recipe-api-v1 9.0.20+11e1c9a39e
	- fabric-registry-sync-v0 7.1.0+c7bd5b8e9e
	- fabric-rendering-fluids-v1 6.0.4+06488ac19e
	- fabric-resource-conditions-api-v1 6.1.0+10e9a28b9e
	- fabric-resource-loader-v0 3.3.20+4fc5413f9e
	- fabric-resource-loader-v1 2.0.13+9edec1269e
	- fabric-serialization-api-v1 2.0.4+11a26f319e
	- fabric-tag-api-v1 2.1.3+794df31d9e
	- fabric-transfer-api-v1 8.0.11+39b5a3929e
	- fabric-transitive-access-wideners-v1 8.1.4+67c847259e
	- fabricloader 0.19.3
	- java 25
	- minecraft 26.2
	- mixinextras 0.5.4
	- smart_survival_architect 0.1.0-SNAPSHOT
[19:50:40] [main/INFO] (FabricLoader/Mixin) SpongePowered MIXIN Subsystem Version=0.8.7 Source=file:/C:/Users/clone/.gradle/caches/modules-2/files-2.1/net.fabricmc/sponge-mixin/0.17.3+mixin.0.8.7/41c4a3984a80f4679e759fb9f495587acc5cdac7/sponge-mixin-0.17.3+mixin.0.8.7.jar Service=Knot/Fabric Env=SERVER
[19:50:40] [main/INFO] (FabricLoader/Mixin) Compatibility level set to JAVA_25
[19:50:41] [main/INFO] (FabricLoader/MixinExtras|Service) Initializing MixinExtras via com.llamalad7.mixinextras.service.MixinExtrasServiceImpl(version=0.5.4).
[19:50:46] [main/INFO] (smart_survival_architect) SSA_S1_COMMON_READY block=smart_survival_architect:spike_marker
[19:50:46] [main/INFO] (Minecraft) Environment: Environment[sessionHost=https://sessionserver.mojang.com, servicesHost=https://api.minecraftservices.com, profilesHost=https://api.mojang.com, name=PROD]
[19:50:47] [main/INFO] (Minecraft) Loaded 1585 recipes
[19:50:47] [main/INFO] (Minecraft) Loaded 1688 advancements
[19:50:47] [main/INFO] (BiomeModificationImpl) Applied 0 biome modifications to 0 of 66 new biomes in 1.059 ms
[19:50:47] [Server thread/INFO] (Minecraft) Starting minecraft server version 26.2
[19:50:47] [Server thread/INFO] (Minecraft) Loading properties
[19:50:47] [Server thread/INFO] (Minecraft) Default game type: SURVIVAL
[19:50:47] [Server thread/INFO] (Minecraft) Generating keypair
[19:50:47] [Server thread/INFO] (Minecraft) Starting Minecraft server on *:0
[19:50:48] [Server thread/INFO] (Minecraft) Preparing level "world"
[19:50:48] [Server thread/INFO] (Minecraft) Loading 0 persistent chunks...
[19:50:48] [Server thread/INFO] (Minecraft) Preparing spawn area: 100%
[19:50:48] [Server thread/INFO] (Minecraft) Time elapsed: 63 ms
[19:50:48] [Server thread/INFO] (Minecraft) Done (0.346s)! For help, type "help"
[19:50:48] [Server thread/INFO] (Minecraft) Saving chunks for level 'ServerLevel[world]'/minecraft:overworld
[19:50:48] [Server thread/INFO] (Minecraft) Saving chunks for level 'ServerLevel[world]'/minecraft:the_end
[19:50:48] [Server thread/INFO] (Minecraft) Saving chunks for level 'ServerLevel[world]'/minecraft:the_nether
[19:50:48] [Server thread/INFO] (Minecraft) ThreadedAnvilChunkStorage (world): All chunks are saved
[19:50:48] [Server thread/INFO] (Minecraft) ThreadedAnvilChunkStorage (DIM1): All chunks are saved
[19:50:48] [Server thread/INFO] (Minecraft) ThreadedAnvilChunkStorage (DIM-1): All chunks are saved
[19:50:48] [Server thread/INFO] (Minecraft) ThreadedAnvilChunkStorage: All dimensions are saved
SSA_S5_CRASH fixture=s5-after-delta-2 boundary=after_delta_2 exit=70

> Task :platform-fabric:runServer FAILED
12 actionable tasks: 3 executed, 9 up-to-date


FAILURE: Build failed with an exception.

* What went wrong:
Execution failed for task ':platform-fabric:runServer' (registered by plugin 'fabric-loom').
> Process 'command 'C:\Program Files\Eclipse Adoptium\jdk-25.0.4.7-hotspot\bin\java.exe'' finished with non-zero exit value 70

* Try:
> Run with --stacktrace option to get the stack trace.
> Run with --info or --debug option to get more log output.
> Run with --scan to get full insights from a Build Scan (powered by Develocity).
> Get more help at https://help.gradle.org.

BUILD FAILED in 15s

CASE=s5-after-delta-2 MODE=recover BOUNDARY=after_delta_2
STARTED=2026-08-11T19:50:49.1821004+07:00
FINISHED=2026-08-11T19:51:04.6979457+07:00
GRADLE_EXIT_CODE=0
To honour the JVM settings for this build a single-use Daemon process will be forked. For more on this, please refer to https://docs.gradle.org/9.5.1/userguide/gradle_daemon.html#sec:disabling_the_daemon in the Gradle documentation.
Daemon will be stopped at the end of the build

> Configure project :platform-fabric
Fabric Loom: 1.17.19

> Task :construction-core:processResources NO-SOURCE
> Task :minecraft-common:processResources NO-SOURCE
> Task :platform-fabric:processResources UP-TO-DATE
> Task :architect-core:compileJava UP-TO-DATE
> Task :architect-core:processResources NO-SOURCE
> Task :architect-core:classes UP-TO-DATE
> Task :platform-fabric:deleteGameTestRunDir
> Task :architect-core:jar UP-TO-DATE
> Task :construction-core:compileJava UP-TO-DATE
> Task :construction-core:classes UP-TO-DATE
> Task :minecraft-common:compileJava NO-SOURCE
> Task :minecraft-common:classes UP-TO-DATE
> Task :construction-core:jar UP-TO-DATE
> Task :platform-fabric:acceptGameTestEula
> Task :minecraft-common:jar UP-TO-DATE
> Task :platform-fabric:compileJava UP-TO-DATE
> Task :platform-fabric:classes UP-TO-DATE
> Task :platform-fabric:generateLog4jConfig UP-TO-DATE
> Task :platform-fabric:generateDLIConfig UP-TO-DATE
> Task :platform-fabric:configureLaunch

> Task :platform-fabric:runServer
[19:50:55] [main/INFO] (FabricLoader/GameProvider) Loading Minecraft 26.2 with Fabric Loader 0.19.3
[19:50:55] [main/INFO] (FabricLoader/Mappings) Mappings not present!
[19:50:56] [main/INFO] (FabricLoader) Loading 43 mods:
	- fabric-api 0.154.2+26.2
	   |-- fabric-key-mapping-api-v1 2.0.5+e2bdee789e
	   |-- fabric-model-loading-api-v1 8.0.15+c80601bb9e
	   |-- fabric-renderer-api-v1 14.1.2+2b0d8a229e
	   |-- fabric-renderer-indigo 9.1.2+2b0d8a229e
	   |-- fabric-rendering-v1 25.3.1+6988455e9e
	   |-- fabric-screen-api-v1 5.1.0+48e3c0b09e
	   \-- fabric-sound-api-v1 2.0.5+11a26f319e
	- fabric-api-base 2.0.4+ece063239e
	- fabric-api-lookup-api-v1 2.0.17+11e1c9a39e
	- fabric-biome-api-v1 18.0.6+c7bd5b8e9e
	- fabric-block-api-v1 3.0.3+ec56b6019e
	- fabric-block-getter-api-v2 2.0.7+ec56b6019e
	- fabric-command-api-v2 3.1.0+00cb03469e
	- fabric-content-registries-v0 11.2.2+b7a678a99e
	- fabric-convention-tags-v2 4.7.0+1f023a9e9e
	- fabric-crash-report-info-v1 1.0.5+086d547a9e
	- fabric-creative-tab-api-v1 5.0.14+d871b99e9e
	- fabric-data-attachment-api-v1 2.2.17+aa0fd6fe9e
	- fabric-data-generation-api-v1 25.4.4+9e7dc27f9e
	- fabric-debug-api-v1 1.0.2+c792624d9e
	- fabric-dimensions-v1 5.1.9+9cbf5da59e
	- fabric-entity-events-v1 5.0.5+06488ac19e
	- fabric-events-interaction-v0 5.2.6+8f57f7ee9e
	- fabric-game-rule-api-v1 4.0.8+46a6d00c9e
	- fabric-gametest-api-v1 4.0.21+4a7fa0819e
	- fabric-item-api-v1 14.2.0+7aec7be39e
	- fabric-lifecycle-events-v1 4.1.3+4575b05f9e
	- fabric-loot-api-v3 3.0.17+06488ac19e
	- fabric-menu-api-v1 2.0.16+086d547a9e
	- fabric-message-api-v1 7.0.7+086d547a9e
	- fabric-networking-api-v1 6.3.3+72073ef09e
	- fabric-object-builder-api-v1 24.1.0+6fcd5f039e
	- fabric-particles-v1 5.0.18+d1756aa99e
	- fabric-permission-api-v1 1.0.3+b7020ca29e
	- fabric-recipe-api-v1 9.0.20+11e1c9a39e
	- fabric-registry-sync-v0 7.1.0+c7bd5b8e9e
	- fabric-rendering-fluids-v1 6.0.4+06488ac19e
	- fabric-resource-conditions-api-v1 6.1.0+10e9a28b9e
	- fabric-resource-loader-v0 3.3.20+4fc5413f9e
	- fabric-resource-loader-v1 2.0.13+9edec1269e
	- fabric-serialization-api-v1 2.0.4+11a26f319e
	- fabric-tag-api-v1 2.1.3+794df31d9e
	- fabric-transfer-api-v1 8.0.11+39b5a3929e
	- fabric-transitive-access-wideners-v1 8.1.4+67c847259e
	- fabricloader 0.19.3
	- java 25
	- minecraft 26.2
	- mixinextras 0.5.4
	- smart_survival_architect 0.1.0-SNAPSHOT
[19:50:56] [main/INFO] (FabricLoader/Mixin) SpongePowered MIXIN Subsystem Version=0.8.7 Source=file:/C:/Users/clone/.gradle/caches/modules-2/files-2.1/net.fabricmc/sponge-mixin/0.17.3+mixin.0.8.7/41c4a3984a80f4679e759fb9f495587acc5cdac7/sponge-mixin-0.17.3+mixin.0.8.7.jar Service=Knot/Fabric Env=SERVER
[19:50:56] [main/INFO] (FabricLoader/Mixin) Compatibility level set to JAVA_25
[19:50:56] [main/INFO] (FabricLoader/MixinExtras|Service) Initializing MixinExtras via com.llamalad7.mixinextras.service.MixinExtrasServiceImpl(version=0.5.4).
[19:51:01] [main/INFO] (smart_survival_architect) SSA_S1_COMMON_READY block=smart_survival_architect:spike_marker
[19:51:01] [main/INFO] (Minecraft) Environment: Environment[sessionHost=https://sessionserver.mojang.com, servicesHost=https://api.minecraftservices.com, profilesHost=https://api.mojang.com, name=PROD]
[19:51:03] [main/INFO] (Minecraft) Loaded 1585 recipes
[19:51:03] [main/INFO] (Minecraft) Loaded 1688 advancements
[19:51:03] [main/INFO] (BiomeModificationImpl) Applied 0 biome modifications to 0 of 66 new biomes in 1.196 ms
[19:51:03] [Server thread/INFO] (Minecraft) Starting minecraft server version 26.2
[19:51:03] [Server thread/INFO] (Minecraft) Loading properties
[19:51:03] [Server thread/INFO] (Minecraft) Default game type: SURVIVAL
[19:51:03] [Server thread/INFO] (Minecraft) Generating keypair
[19:51:03] [Server thread/INFO] (Minecraft) Starting Minecraft server on *:0
[19:51:03] [Server thread/INFO] (Minecraft) Preparing level "world"
[19:51:03] [Server thread/INFO] (Minecraft) Loading 0 persistent chunks...
[19:51:03] [Server thread/INFO] (Minecraft) Preparing spawn area: 100%
[19:51:03] [Server thread/INFO] (Minecraft) Time elapsed: 57 ms
[19:51:03] [Server thread/INFO] (Minecraft) Done (0.321s)! For help, type "help"
[19:51:03] [Server thread/INFO] (Minecraft) Saving chunks for level 'ServerLevel[world]'/minecraft:overworld
[19:51:03] [Server thread/INFO] (Minecraft) Saving chunks for level 'ServerLevel[world]'/minecraft:the_end
[19:51:03] [Server thread/INFO] (Minecraft) Saving chunks for level 'ServerLevel[world]'/minecraft:the_nether
[19:51:03] [Server thread/INFO] (Minecraft) ThreadedAnvilChunkStorage (world): All chunks are saved
[19:51:03] [Server thread/INFO] (Minecraft) ThreadedAnvilChunkStorage (DIM1): All chunks are saved
[19:51:03] [Server thread/INFO] (Minecraft) ThreadedAnvilChunkStorage (DIM-1): All chunks are saved
[19:51:03] [Server thread/INFO] (Minecraft) ThreadedAnvilChunkStorage: All dimensions are saved
SSA_S5_RECOVERY fixture=s5-after-delta-2 boundary=after_delta_2 first=COMMITTED second=NO_ACTIVE_INTENT scheduled=true world=fcd156d8-5cf8-4acf-a9b9-b0e9d1c1a231 metadata=true exact=true
[19:51:04] [Server thread/INFO] (Minecraft) Stopping server
[19:51:04] [Server thread/INFO] (Minecraft) Saving players
[19:51:04] [Server thread/INFO] (Minecraft) Saving worlds
[19:51:04] [Server thread/INFO] (Minecraft) Saving chunks for level 'ServerLevel[world]'/minecraft:overworld
[19:51:04] [Server thread/INFO] (Minecraft) Saving chunks for level 'ServerLevel[world]'/minecraft:the_end
[19:51:04] [Server thread/INFO] (Minecraft) Saving chunks for level 'ServerLevel[world]'/minecraft:the_nether
[19:51:04] [Server thread/INFO] (Minecraft) ThreadedAnvilChunkStorage (world): All chunks are saved
[19:51:04] [Server thread/INFO] (Minecraft) ThreadedAnvilChunkStorage (DIM1): All chunks are saved
[19:51:04] [Server thread/INFO] (Minecraft) ThreadedAnvilChunkStorage (DIM-1): All chunks are saved
[19:51:04] [Server thread/INFO] (Minecraft) ThreadedAnvilChunkStorage: All dimensions are saved

BUILD SUCCESSFUL in 15s
12 actionable tasks: 3 executed, 9 up-to-date

CASE=s5-after-delta-3 MODE=crash BOUNDARY=after_delta_3
STARTED=2026-08-11T19:51:04.7254756+07:00
FINISHED=2026-08-11T19:51:19.9610992+07:00
GRADLE_EXIT_CODE=1
To honour the JVM settings for this build a single-use Daemon process will be forked. For more on this, please refer to https://docs.gradle.org/9.5.1/userguide/gradle_daemon.html#sec:disabling_the_daemon in the Gradle documentation.
Daemon will be stopped at the end of the build

> Configure project :platform-fabric
Fabric Loom: 1.17.19

> Task :minecraft-common:processResources NO-SOURCE
> Task :construction-core:processResources NO-SOURCE
> Task :platform-fabric:processResources UP-TO-DATE
> Task :architect-core:compileJava UP-TO-DATE
> Task :architect-core:processResources NO-SOURCE
> Task :architect-core:classes UP-TO-DATE
> Task :architect-core:jar UP-TO-DATE
> Task :platform-fabric:deleteGameTestRunDir
> Task :construction-core:compileJava UP-TO-DATE
> Task :construction-core:classes UP-TO-DATE
> Task :minecraft-common:compileJava NO-SOURCE
> Task :construction-core:jar UP-TO-DATE
> Task :minecraft-common:classes UP-TO-DATE
> Task :minecraft-common:jar UP-TO-DATE
> Task :platform-fabric:acceptGameTestEula
> Task :platform-fabric:compileJava UP-TO-DATE
> Task :platform-fabric:classes UP-TO-DATE
> Task :platform-fabric:generateLog4jConfig UP-TO-DATE
> Task :platform-fabric:generateDLIConfig UP-TO-DATE
> Task :platform-fabric:configureLaunch

> Task :platform-fabric:runServer
[19:51:11] [main/INFO] (FabricLoader/GameProvider) Loading Minecraft 26.2 with Fabric Loader 0.19.3
[19:51:11] [main/INFO] (FabricLoader/Mappings) Mappings not present!
[19:51:11] [main/INFO] (FabricLoader) Loading 43 mods:
	- fabric-api 0.154.2+26.2
	   |-- fabric-key-mapping-api-v1 2.0.5+e2bdee789e
	   |-- fabric-model-loading-api-v1 8.0.15+c80601bb9e
	   |-- fabric-renderer-api-v1 14.1.2+2b0d8a229e
	   |-- fabric-renderer-indigo 9.1.2+2b0d8a229e
	   |-- fabric-rendering-v1 25.3.1+6988455e9e
	   |-- fabric-screen-api-v1 5.1.0+48e3c0b09e
	   \-- fabric-sound-api-v1 2.0.5+11a26f319e
	- fabric-api-base 2.0.4+ece063239e
	- fabric-api-lookup-api-v1 2.0.17+11e1c9a39e
	- fabric-biome-api-v1 18.0.6+c7bd5b8e9e
	- fabric-block-api-v1 3.0.3+ec56b6019e
	- fabric-block-getter-api-v2 2.0.7+ec56b6019e
	- fabric-command-api-v2 3.1.0+00cb03469e
	- fabric-content-registries-v0 11.2.2+b7a678a99e
	- fabric-convention-tags-v2 4.7.0+1f023a9e9e
	- fabric-crash-report-info-v1 1.0.5+086d547a9e
	- fabric-creative-tab-api-v1 5.0.14+d871b99e9e
	- fabric-data-attachment-api-v1 2.2.17+aa0fd6fe9e
	- fabric-data-generation-api-v1 25.4.4+9e7dc27f9e
	- fabric-debug-api-v1 1.0.2+c792624d9e
	- fabric-dimensions-v1 5.1.9+9cbf5da59e
	- fabric-entity-events-v1 5.0.5+06488ac19e
	- fabric-events-interaction-v0 5.2.6+8f57f7ee9e
	- fabric-game-rule-api-v1 4.0.8+46a6d00c9e
	- fabric-gametest-api-v1 4.0.21+4a7fa0819e
	- fabric-item-api-v1 14.2.0+7aec7be39e
	- fabric-lifecycle-events-v1 4.1.3+4575b05f9e
	- fabric-loot-api-v3 3.0.17+06488ac19e
	- fabric-menu-api-v1 2.0.16+086d547a9e
	- fabric-message-api-v1 7.0.7+086d547a9e
	- fabric-networking-api-v1 6.3.3+72073ef09e
	- fabric-object-builder-api-v1 24.1.0+6fcd5f039e
	- fabric-particles-v1 5.0.18+d1756aa99e
	- fabric-permission-api-v1 1.0.3+b7020ca29e
	- fabric-recipe-api-v1 9.0.20+11e1c9a39e
	- fabric-registry-sync-v0 7.1.0+c7bd5b8e9e
	- fabric-rendering-fluids-v1 6.0.4+06488ac19e
	- fabric-resource-conditions-api-v1 6.1.0+10e9a28b9e
	- fabric-resource-loader-v0 3.3.20+4fc5413f9e
	- fabric-resource-loader-v1 2.0.13+9edec1269e
	- fabric-serialization-api-v1 2.0.4+11a26f319e
	- fabric-tag-api-v1 2.1.3+794df31d9e
	- fabric-transfer-api-v1 8.0.11+39b5a3929e
	- fabric-transitive-access-wideners-v1 8.1.4+67c847259e
	- fabricloader 0.19.3
	- java 25
	- minecraft 26.2
	- mixinextras 0.5.4
	- smart_survival_architect 0.1.0-SNAPSHOT
[19:51:11] [main/INFO] (FabricLoader/Mixin) SpongePowered MIXIN Subsystem Version=0.8.7 Source=file:/C:/Users/clone/.gradle/caches/modules-2/files-2.1/net.fabricmc/sponge-mixin/0.17.3+mixin.0.8.7/41c4a3984a80f4679e759fb9f495587acc5cdac7/sponge-mixin-0.17.3+mixin.0.8.7.jar Service=Knot/Fabric Env=SERVER
[19:51:11] [main/INFO] (FabricLoader/Mixin) Compatibility level set to JAVA_25
[19:51:12] [main/INFO] (FabricLoader/MixinExtras|Service) Initializing MixinExtras via com.llamalad7.mixinextras.service.MixinExtrasServiceImpl(version=0.5.4).
[19:51:17] [main/INFO] (smart_survival_architect) SSA_S1_COMMON_READY block=smart_survival_architect:spike_marker
[19:51:17] [main/INFO] (Minecraft) Environment: Environment[sessionHost=https://sessionserver.mojang.com, servicesHost=https://api.minecraftservices.com, profilesHost=https://api.mojang.com, name=PROD]
[19:51:18] [main/INFO] (Minecraft) Loaded 1585 recipes
[19:51:18] [main/INFO] (Minecraft) Loaded 1688 advancements
[19:51:18] [main/INFO] (BiomeModificationImpl) Applied 0 biome modifications to 0 of 66 new biomes in 1.079 ms
[19:51:18] [Server thread/INFO] (Minecraft) Starting minecraft server version 26.2
[19:51:18] [Server thread/INFO] (Minecraft) Loading properties
[19:51:18] [Server thread/INFO] (Minecraft) Default game type: SURVIVAL
[19:51:18] [Server thread/INFO] (Minecraft) Generating keypair
[19:51:18] [Server thread/INFO] (Minecraft) Starting Minecraft server on *:0
[19:51:18] [Server thread/INFO] (Minecraft) Preparing level "world"
[19:51:19] [Server thread/INFO] (Minecraft) Loading 0 persistent chunks...
[19:51:19] [Server thread/INFO] (Minecraft) Preparing spawn area: 100%
[19:51:19] [Server thread/INFO] (Minecraft) Time elapsed: 48 ms
[19:51:19] [Server thread/INFO] (Minecraft) Done (0.331s)! For help, type "help"
[19:51:19] [Server thread/INFO] (Minecraft) Saving chunks for level 'ServerLevel[world]'/minecraft:overworld
[19:51:19] [Server thread/INFO] (Minecraft) Saving chunks for level 'ServerLevel[world]'/minecraft:the_end
[19:51:19] [Server thread/INFO] (Minecraft) Saving chunks for level 'ServerLevel[world]'/minecraft:the_nether
[19:51:19] [Server thread/INFO] (Minecraft) ThreadedAnvilChunkStorage (world): All chunks are saved
[19:51:19] [Server thread/INFO] (Minecraft) ThreadedAnvilChunkStorage (DIM1): All chunks are saved
[19:51:19] [Server thread/INFO] (Minecraft) ThreadedAnvilChunkStorage (DIM-1): All chunks are saved
[19:51:19] [Server thread/INFO] (Minecraft) ThreadedAnvilChunkStorage: All dimensions are saved
SSA_S5_CRASH fixture=s5-after-delta-3 boundary=after_delta_3 exit=70

> Task :platform-fabric:runServer FAILED
12 actionable tasks: 3 executed, 9 up-to-date


FAILURE: Build failed with an exception.

* What went wrong:
Execution failed for task ':platform-fabric:runServer' (registered by plugin 'fabric-loom').
> Process 'command 'C:\Program Files\Eclipse Adoptium\jdk-25.0.4.7-hotspot\bin\java.exe'' finished with non-zero exit value 70

* Try:
> Run with --stacktrace option to get the stack trace.
> Run with --info or --debug option to get more log output.
> Run with --scan to get full insights from a Build Scan (powered by Develocity).
> Get more help at https://help.gradle.org.

BUILD FAILED in 15s

CASE=s5-after-delta-3 MODE=recover BOUNDARY=after_delta_3
STARTED=2026-08-11T19:51:19.9636116+07:00
FINISHED=2026-08-11T19:51:43.0210493+07:00
GRADLE_EXIT_CODE=0
To honour the JVM settings for this build a single-use Daemon process will be forked. For more on this, please refer to https://docs.gradle.org/9.5.1/userguide/gradle_daemon.html#sec:disabling_the_daemon in the Gradle documentation.
Daemon will be stopped at the end of the build

> Configure project :platform-fabric
Fabric Loom: 1.17.19

> Task :construction-core:processResources NO-SOURCE
> Task :minecraft-common:processResources NO-SOURCE
> Task :platform-fabric:processResources UP-TO-DATE
> Task :architect-core:compileJava UP-TO-DATE
> Task :architect-core:processResources NO-SOURCE
> Task :architect-core:classes UP-TO-DATE
> Task :platform-fabric:deleteGameTestRunDir
> Task :architect-core:jar UP-TO-DATE
> Task :construction-core:compileJava UP-TO-DATE
> Task :construction-core:classes UP-TO-DATE
> Task :minecraft-common:compileJava NO-SOURCE
> Task :minecraft-common:classes UP-TO-DATE
> Task :construction-core:jar UP-TO-DATE
> Task :platform-fabric:acceptGameTestEula
> Task :minecraft-common:jar UP-TO-DATE
> Task :platform-fabric:compileJava UP-TO-DATE
> Task :platform-fabric:classes UP-TO-DATE
> Task :platform-fabric:generateLog4jConfig UP-TO-DATE
> Task :platform-fabric:generateDLIConfig UP-TO-DATE
> Task :platform-fabric:configureLaunch

> Task :platform-fabric:runServer
[19:51:27] [main/INFO] (FabricLoader/GameProvider) Loading Minecraft 26.2 with Fabric Loader 0.19.3
[19:51:27] [main/INFO] (FabricLoader/Mappings) Mappings not present!
[19:51:27] [main/INFO] (FabricLoader) Loading 43 mods:
	- fabric-api 0.154.2+26.2
	   |-- fabric-key-mapping-api-v1 2.0.5+e2bdee789e
	   |-- fabric-model-loading-api-v1 8.0.15+c80601bb9e
	   |-- fabric-renderer-api-v1 14.1.2+2b0d8a229e
	   |-- fabric-renderer-indigo 9.1.2+2b0d8a229e
	   |-- fabric-rendering-v1 25.3.1+6988455e9e
	   |-- fabric-screen-api-v1 5.1.0+48e3c0b09e
	   \-- fabric-sound-api-v1 2.0.5+11a26f319e
	- fabric-api-base 2.0.4+ece063239e
	- fabric-api-lookup-api-v1 2.0.17+11e1c9a39e
	- fabric-biome-api-v1 18.0.6+c7bd5b8e9e
	- fabric-block-api-v1 3.0.3+ec56b6019e
	- fabric-block-getter-api-v2 2.0.7+ec56b6019e
	- fabric-command-api-v2 3.1.0+00cb03469e
	- fabric-content-registries-v0 11.2.2+b7a678a99e
	- fabric-convention-tags-v2 4.7.0+1f023a9e9e
	- fabric-crash-report-info-v1 1.0.5+086d547a9e
	- fabric-creative-tab-api-v1 5.0.14+d871b99e9e
	- fabric-data-attachment-api-v1 2.2.17+aa0fd6fe9e
	- fabric-data-generation-api-v1 25.4.4+9e7dc27f9e
	- fabric-debug-api-v1 1.0.2+c792624d9e
	- fabric-dimensions-v1 5.1.9+9cbf5da59e
	- fabric-entity-events-v1 5.0.5+06488ac19e
	- fabric-events-interaction-v0 5.2.6+8f57f7ee9e
	- fabric-game-rule-api-v1 4.0.8+46a6d00c9e
	- fabric-gametest-api-v1 4.0.21+4a7fa0819e
	- fabric-item-api-v1 14.2.0+7aec7be39e
	- fabric-lifecycle-events-v1 4.1.3+4575b05f9e
	- fabric-loot-api-v3 3.0.17+06488ac19e
	- fabric-menu-api-v1 2.0.16+086d547a9e
	- fabric-message-api-v1 7.0.7+086d547a9e
	- fabric-networking-api-v1 6.3.3+72073ef09e
	- fabric-object-builder-api-v1 24.1.0+6fcd5f039e
	- fabric-particles-v1 5.0.18+d1756aa99e
	- fabric-permission-api-v1 1.0.3+b7020ca29e
	- fabric-recipe-api-v1 9.0.20+11e1c9a39e
	- fabric-registry-sync-v0 7.1.0+c7bd5b8e9e
	- fabric-rendering-fluids-v1 6.0.4+06488ac19e
	- fabric-resource-conditions-api-v1 6.1.0+10e9a28b9e
	- fabric-resource-loader-v0 3.3.20+4fc5413f9e
	- fabric-resource-loader-v1 2.0.13+9edec1269e
	- fabric-serialization-api-v1 2.0.4+11a26f319e
	- fabric-tag-api-v1 2.1.3+794df31d9e
	- fabric-transfer-api-v1 8.0.11+39b5a3929e
	- fabric-transitive-access-wideners-v1 8.1.4+67c847259e
	- fabricloader 0.19.3
	- java 25
	- minecraft 26.2
	- mixinextras 0.5.4
	- smart_survival_architect 0.1.0-SNAPSHOT
[19:51:27] [main/INFO] (FabricLoader/Mixin) SpongePowered MIXIN Subsystem Version=0.8.7 Source=file:/C:/Users/clone/.gradle/caches/modules-2/files-2.1/net.fabricmc/sponge-mixin/0.17.3+mixin.0.8.7/41c4a3984a80f4679e759fb9f495587acc5cdac7/sponge-mixin-0.17.3+mixin.0.8.7.jar Service=Knot/Fabric Env=SERVER
[19:51:27] [main/INFO] (FabricLoader/Mixin) Compatibility level set to JAVA_25
[19:51:28] [main/INFO] (FabricLoader/MixinExtras|Service) Initializing MixinExtras via com.llamalad7.mixinextras.service.MixinExtrasServiceImpl(version=0.5.4).
[19:51:37] [main/INFO] (smart_survival_architect) SSA_S1_COMMON_READY block=smart_survival_architect:spike_marker
[19:51:37] [main/INFO] (Minecraft) Environment: Environment[sessionHost=https://sessionserver.mojang.com, servicesHost=https://api.minecraftservices.com, profilesHost=https://api.mojang.com, name=PROD]
[19:51:40] [main/INFO] (Minecraft) Loaded 1585 recipes
[19:51:40] [main/INFO] (Minecraft) Loaded 1688 advancements
[19:51:41] [main/INFO] (BiomeModificationImpl) Applied 0 biome modifications to 0 of 66 new biomes in 1.555 ms
[19:51:41] [Server thread/INFO] (Minecraft) Starting minecraft server version 26.2
[19:51:41] [Server thread/INFO] (Minecraft) Loading properties
[19:51:41] [Server thread/INFO] (Minecraft) Default game type: SURVIVAL
[19:51:41] [Server thread/INFO] (Minecraft) Generating keypair
[19:51:41] [Server thread/INFO] (Minecraft) Starting Minecraft server on *:0
[19:51:41] [Server thread/INFO] (Minecraft) Preparing level "world"
[19:51:41] [Server thread/INFO] (Minecraft) Loading 0 persistent chunks...
[19:51:41] [Server thread/INFO] (Minecraft) Preparing spawn area: 100%
[19:51:41] [Server thread/INFO] (Minecraft) Time elapsed: 51 ms
[19:51:41] [Server thread/INFO] (Minecraft) Done (0.358s)! For help, type "help"
[19:51:41] [Server thread/INFO] (Minecraft) Saving chunks for level 'ServerLevel[world]'/minecraft:overworld
[19:51:41] [Server thread/INFO] (Minecraft) Saving chunks for level 'ServerLevel[world]'/minecraft:the_end
[19:51:41] [Server thread/INFO] (Minecraft) Saving chunks for level 'ServerLevel[world]'/minecraft:the_nether
[19:51:41] [Server thread/INFO] (Minecraft) ThreadedAnvilChunkStorage (world): All chunks are saved
[19:51:41] [Server thread/INFO] (Minecraft) ThreadedAnvilChunkStorage (DIM1): All chunks are saved
[19:51:41] [Server thread/INFO] (Minecraft) ThreadedAnvilChunkStorage (DIM-1): All chunks are saved
[19:51:41] [Server thread/INFO] (Minecraft) ThreadedAnvilChunkStorage: All dimensions are saved
SSA_S5_RECOVERY fixture=s5-after-delta-3 boundary=after_delta_3 first=COMMITTED second=NO_ACTIVE_INTENT scheduled=true world=fcd156d8-5cf8-4acf-a9b9-b0e9d1c1a231 metadata=true exact=true
[19:51:42] [Server thread/INFO] (Minecraft) Stopping server
[19:51:42] [Server thread/INFO] (Minecraft) Saving players
[19:51:42] [Server thread/INFO] (Minecraft) Saving worlds
[19:51:42] [Server thread/INFO] (Minecraft) Saving chunks for level 'ServerLevel[world]'/minecraft:overworld
[19:51:42] [Server thread/INFO] (Minecraft) Saving chunks for level 'ServerLevel[world]'/minecraft:the_end
[19:51:42] [Server thread/INFO] (Minecraft) Saving chunks for level 'ServerLevel[world]'/minecraft:the_nether
[19:51:42] [Server thread/INFO] (Minecraft) ThreadedAnvilChunkStorage (world): All chunks are saved
[19:51:42] [Server thread/INFO] (Minecraft) ThreadedAnvilChunkStorage (DIM1): All chunks are saved
[19:51:42] [Server thread/INFO] (Minecraft) ThreadedAnvilChunkStorage (DIM-1): All chunks are saved
[19:51:42] [Server thread/INFO] (Minecraft) ThreadedAnvilChunkStorage: All dimensions are saved

BUILD SUCCESSFUL in 22s
12 actionable tasks: 3 executed, 9 up-to-date

CASE=s5-after-all-deltas-before-commit MODE=crash BOUNDARY=after_all_deltas_before_commit
STARTED=2026-08-11T19:51:43.0346980+07:00
FINISHED=2026-08-11T19:51:58.8665289+07:00
GRADLE_EXIT_CODE=1
To honour the JVM settings for this build a single-use Daemon process will be forked. For more on this, please refer to https://docs.gradle.org/9.5.1/userguide/gradle_daemon.html#sec:disabling_the_daemon in the Gradle documentation.
Daemon will be stopped at the end of the build

> Configure project :platform-fabric
Fabric Loom: 1.17.19

> Task :minecraft-common:processResources NO-SOURCE
> Task :construction-core:processResources NO-SOURCE
> Task :platform-fabric:processResources UP-TO-DATE
> Task :architect-core:compileJava UP-TO-DATE
> Task :architect-core:processResources NO-SOURCE
> Task :architect-core:classes UP-TO-DATE
> Task :platform-fabric:deleteGameTestRunDir
> Task :architect-core:jar UP-TO-DATE
> Task :construction-core:compileJava UP-TO-DATE
> Task :construction-core:classes UP-TO-DATE
> Task :minecraft-common:compileJava NO-SOURCE
> Task :minecraft-common:classes UP-TO-DATE
> Task :construction-core:jar UP-TO-DATE
> Task :minecraft-common:jar UP-TO-DATE
> Task :platform-fabric:acceptGameTestEula
> Task :platform-fabric:compileJava UP-TO-DATE
> Task :platform-fabric:classes UP-TO-DATE
> Task :platform-fabric:generateLog4jConfig UP-TO-DATE
> Task :platform-fabric:generateDLIConfig UP-TO-DATE
> Task :platform-fabric:configureLaunch

> Task :platform-fabric:runServer
[19:51:49] [main/INFO] (FabricLoader/GameProvider) Loading Minecraft 26.2 with Fabric Loader 0.19.3
[19:51:49] [main/INFO] (FabricLoader/Mappings) Mappings not present!
[19:51:50] [main/INFO] (FabricLoader) Loading 43 mods:
	- fabric-api 0.154.2+26.2
	   |-- fabric-key-mapping-api-v1 2.0.5+e2bdee789e
	   |-- fabric-model-loading-api-v1 8.0.15+c80601bb9e
	   |-- fabric-renderer-api-v1 14.1.2+2b0d8a229e
	   |-- fabric-renderer-indigo 9.1.2+2b0d8a229e
	   |-- fabric-rendering-v1 25.3.1+6988455e9e
	   |-- fabric-screen-api-v1 5.1.0+48e3c0b09e
	   \-- fabric-sound-api-v1 2.0.5+11a26f319e
	- fabric-api-base 2.0.4+ece063239e
	- fabric-api-lookup-api-v1 2.0.17+11e1c9a39e
	- fabric-biome-api-v1 18.0.6+c7bd5b8e9e
	- fabric-block-api-v1 3.0.3+ec56b6019e
	- fabric-block-getter-api-v2 2.0.7+ec56b6019e
	- fabric-command-api-v2 3.1.0+00cb03469e
	- fabric-content-registries-v0 11.2.2+b7a678a99e
	- fabric-convention-tags-v2 4.7.0+1f023a9e9e
	- fabric-crash-report-info-v1 1.0.5+086d547a9e
	- fabric-creative-tab-api-v1 5.0.14+d871b99e9e
	- fabric-data-attachment-api-v1 2.2.17+aa0fd6fe9e
	- fabric-data-generation-api-v1 25.4.4+9e7dc27f9e
	- fabric-debug-api-v1 1.0.2+c792624d9e
	- fabric-dimensions-v1 5.1.9+9cbf5da59e
	- fabric-entity-events-v1 5.0.5+06488ac19e
	- fabric-events-interaction-v0 5.2.6+8f57f7ee9e
	- fabric-game-rule-api-v1 4.0.8+46a6d00c9e
	- fabric-gametest-api-v1 4.0.21+4a7fa0819e
	- fabric-item-api-v1 14.2.0+7aec7be39e
	- fabric-lifecycle-events-v1 4.1.3+4575b05f9e
	- fabric-loot-api-v3 3.0.17+06488ac19e
	- fabric-menu-api-v1 2.0.16+086d547a9e
	- fabric-message-api-v1 7.0.7+086d547a9e
	- fabric-networking-api-v1 6.3.3+72073ef09e
	- fabric-object-builder-api-v1 24.1.0+6fcd5f039e
	- fabric-particles-v1 5.0.18+d1756aa99e
	- fabric-permission-api-v1 1.0.3+b7020ca29e
	- fabric-recipe-api-v1 9.0.20+11e1c9a39e
	- fabric-registry-sync-v0 7.1.0+c7bd5b8e9e
	- fabric-rendering-fluids-v1 6.0.4+06488ac19e
	- fabric-resource-conditions-api-v1 6.1.0+10e9a28b9e
	- fabric-resource-loader-v0 3.3.20+4fc5413f9e
	- fabric-resource-loader-v1 2.0.13+9edec1269e
	- fabric-serialization-api-v1 2.0.4+11a26f319e
	- fabric-tag-api-v1 2.1.3+794df31d9e
	- fabric-transfer-api-v1 8.0.11+39b5a3929e
	- fabric-transitive-access-wideners-v1 8.1.4+67c847259e
	- fabricloader 0.19.3
	- java 25
	- minecraft 26.2
	- mixinextras 0.5.4
	- smart_survival_architect 0.1.0-SNAPSHOT
[19:51:50] [main/INFO] (FabricLoader/Mixin) SpongePowered MIXIN Subsystem Version=0.8.7 Source=file:/C:/Users/clone/.gradle/caches/modules-2/files-2.1/net.fabricmc/sponge-mixin/0.17.3+mixin.0.8.7/41c4a3984a80f4679e759fb9f495587acc5cdac7/sponge-mixin-0.17.3+mixin.0.8.7.jar Service=Knot/Fabric Env=SERVER
[19:51:50] [main/INFO] (FabricLoader/Mixin) Compatibility level set to JAVA_25
[19:51:50] [main/INFO] (FabricLoader/MixinExtras|Service) Initializing MixinExtras via com.llamalad7.mixinextras.service.MixinExtrasServiceImpl(version=0.5.4).
[19:51:55] [main/INFO] (smart_survival_architect) SSA_S1_COMMON_READY block=smart_survival_architect:spike_marker
[19:51:56] [main/INFO] (Minecraft) Environment: Environment[sessionHost=https://sessionserver.mojang.com, servicesHost=https://api.minecraftservices.com, profilesHost=https://api.mojang.com, name=PROD]
[19:51:57] [main/INFO] (Minecraft) Loaded 1585 recipes
[19:51:57] [main/INFO] (Minecraft) Loaded 1688 advancements
[19:51:57] [main/INFO] (BiomeModificationImpl) Applied 0 biome modifications to 0 of 66 new biomes in 1.315 ms
[19:51:57] [Server thread/INFO] (Minecraft) Starting minecraft server version 26.2
[19:51:57] [Server thread/INFO] (Minecraft) Loading properties
[19:51:57] [Server thread/INFO] (Minecraft) Default game type: SURVIVAL
[19:51:57] [Server thread/INFO] (Minecraft) Generating keypair
[19:51:57] [Server thread/INFO] (Minecraft) Starting Minecraft server on *:0
[19:51:57] [Server thread/INFO] (Minecraft) Preparing level "world"
[19:51:58] [Server thread/INFO] (Minecraft) Loading 0 persistent chunks...
[19:51:58] [Server thread/INFO] (Minecraft) Preparing spawn area: 100%
[19:51:58] [Server thread/INFO] (Minecraft) Time elapsed: 56 ms
[19:51:58] [Server thread/INFO] (Minecraft) Done (0.293s)! For help, type "help"
[19:51:58] [Server thread/INFO] (Minecraft) Saving chunks for level 'ServerLevel[world]'/minecraft:overworld
[19:51:58] [Server thread/INFO] (Minecraft) Saving chunks for level 'ServerLevel[world]'/minecraft:the_nether
[19:51:58] [Server thread/INFO] (Minecraft) Saving chunks for level 'ServerLevel[world]'/minecraft:the_end
[19:51:58] [Server thread/INFO] (Minecraft) ThreadedAnvilChunkStorage (world): All chunks are saved
[19:51:58] [Server thread/INFO] (Minecraft) ThreadedAnvilChunkStorage (DIM-1): All chunks are saved
[19:51:58] [Server thread/INFO] (Minecraft) ThreadedAnvilChunkStorage (DIM1): All chunks are saved
[19:51:58] [Server thread/INFO] (Minecraft) ThreadedAnvilChunkStorage: All dimensions are saved
SSA_S5_CRASH fixture=s5-after-all-deltas-before-commit boundary=after_all_deltas_before_commit exit=70

> Task :platform-fabric:runServer FAILED
12 actionable tasks: 3 executed, 9 up-to-date


FAILURE: Build failed with an exception.

* What went wrong:
Execution failed for task ':platform-fabric:runServer' (registered by plugin 'fabric-loom').
> Process 'command 'C:\Program Files\Eclipse Adoptium\jdk-25.0.4.7-hotspot\bin\java.exe'' finished with non-zero exit value 70

* Try:
> Run with --stacktrace option to get the stack trace.
> Run with --info or --debug option to get more log output.
> Run with --scan to get full insights from a Build Scan (powered by Develocity).
> Get more help at https://help.gradle.org.

BUILD FAILED in 15s

CASE=s5-after-all-deltas-before-commit MODE=recover BOUNDARY=after_all_deltas_before_commit
STARTED=2026-08-11T19:51:58.8675282+07:00
FINISHED=2026-08-11T19:52:14.9115595+07:00
GRADLE_EXIT_CODE=0
To honour the JVM settings for this build a single-use Daemon process will be forked. For more on this, please refer to https://docs.gradle.org/9.5.1/userguide/gradle_daemon.html#sec:disabling_the_daemon in the Gradle documentation.
Daemon will be stopped at the end of the build

> Configure project :platform-fabric
Fabric Loom: 1.17.19

> Task :construction-core:processResources NO-SOURCE
> Task :minecraft-common:processResources NO-SOURCE
> Task :platform-fabric:processResources UP-TO-DATE
> Task :architect-core:compileJava UP-TO-DATE
> Task :architect-core:processResources NO-SOURCE
> Task :architect-core:classes UP-TO-DATE
> Task :platform-fabric:deleteGameTestRunDir
> Task :architect-core:jar UP-TO-DATE
> Task :construction-core:compileJava UP-TO-DATE
> Task :construction-core:classes UP-TO-DATE
> Task :minecraft-common:compileJava NO-SOURCE
> Task :minecraft-common:classes UP-TO-DATE
> Task :construction-core:jar UP-TO-DATE
> Task :platform-fabric:acceptGameTestEula
> Task :minecraft-common:jar UP-TO-DATE
> Task :platform-fabric:compileJava UP-TO-DATE
> Task :platform-fabric:classes UP-TO-DATE
> Task :platform-fabric:generateLog4jConfig UP-TO-DATE
> Task :platform-fabric:generateDLIConfig UP-TO-DATE
> Task :platform-fabric:configureLaunch

> Task :platform-fabric:runServer
[19:52:05] [main/INFO] (FabricLoader/GameProvider) Loading Minecraft 26.2 with Fabric Loader 0.19.3
[19:52:05] [main/INFO] (FabricLoader/Mappings) Mappings not present!
[19:52:05] [main/INFO] (FabricLoader) Loading 43 mods:
	- fabric-api 0.154.2+26.2
	   |-- fabric-key-mapping-api-v1 2.0.5+e2bdee789e
	   |-- fabric-model-loading-api-v1 8.0.15+c80601bb9e
	   |-- fabric-renderer-api-v1 14.1.2+2b0d8a229e
	   |-- fabric-renderer-indigo 9.1.2+2b0d8a229e
	   |-- fabric-rendering-v1 25.3.1+6988455e9e
	   |-- fabric-screen-api-v1 5.1.0+48e3c0b09e
	   \-- fabric-sound-api-v1 2.0.5+11a26f319e
	- fabric-api-base 2.0.4+ece063239e
	- fabric-api-lookup-api-v1 2.0.17+11e1c9a39e
	- fabric-biome-api-v1 18.0.6+c7bd5b8e9e
	- fabric-block-api-v1 3.0.3+ec56b6019e
	- fabric-block-getter-api-v2 2.0.7+ec56b6019e
	- fabric-command-api-v2 3.1.0+00cb03469e
	- fabric-content-registries-v0 11.2.2+b7a678a99e
	- fabric-convention-tags-v2 4.7.0+1f023a9e9e
	- fabric-crash-report-info-v1 1.0.5+086d547a9e
	- fabric-creative-tab-api-v1 5.0.14+d871b99e9e
	- fabric-data-attachment-api-v1 2.2.17+aa0fd6fe9e
	- fabric-data-generation-api-v1 25.4.4+9e7dc27f9e
	- fabric-debug-api-v1 1.0.2+c792624d9e
	- fabric-dimensions-v1 5.1.9+9cbf5da59e
	- fabric-entity-events-v1 5.0.5+06488ac19e
	- fabric-events-interaction-v0 5.2.6+8f57f7ee9e
	- fabric-game-rule-api-v1 4.0.8+46a6d00c9e
	- fabric-gametest-api-v1 4.0.21+4a7fa0819e
	- fabric-item-api-v1 14.2.0+7aec7be39e
	- fabric-lifecycle-events-v1 4.1.3+4575b05f9e
	- fabric-loot-api-v3 3.0.17+06488ac19e
	- fabric-menu-api-v1 2.0.16+086d547a9e
	- fabric-message-api-v1 7.0.7+086d547a9e
	- fabric-networking-api-v1 6.3.3+72073ef09e
	- fabric-object-builder-api-v1 24.1.0+6fcd5f039e
	- fabric-particles-v1 5.0.18+d1756aa99e
	- fabric-permission-api-v1 1.0.3+b7020ca29e
	- fabric-recipe-api-v1 9.0.20+11e1c9a39e
	- fabric-registry-sync-v0 7.1.0+c7bd5b8e9e
	- fabric-rendering-fluids-v1 6.0.4+06488ac19e
	- fabric-resource-conditions-api-v1 6.1.0+10e9a28b9e
	- fabric-resource-loader-v0 3.3.20+4fc5413f9e
	- fabric-resource-loader-v1 2.0.13+9edec1269e
	- fabric-serialization-api-v1 2.0.4+11a26f319e
	- fabric-tag-api-v1 2.1.3+794df31d9e
	- fabric-transfer-api-v1 8.0.11+39b5a3929e
	- fabric-transitive-access-wideners-v1 8.1.4+67c847259e
	- fabricloader 0.19.3
	- java 25
	- minecraft 26.2
	- mixinextras 0.5.4
	- smart_survival_architect 0.1.0-SNAPSHOT
[19:52:05] [main/INFO] (FabricLoader/Mixin) SpongePowered MIXIN Subsystem Version=0.8.7 Source=file:/C:/Users/clone/.gradle/caches/modules-2/files-2.1/net.fabricmc/sponge-mixin/0.17.3+mixin.0.8.7/41c4a3984a80f4679e759fb9f495587acc5cdac7/sponge-mixin-0.17.3+mixin.0.8.7.jar Service=Knot/Fabric Env=SERVER
[19:52:05] [main/INFO] (FabricLoader/Mixin) Compatibility level set to JAVA_25
[19:52:06] [main/INFO] (FabricLoader/MixinExtras|Service) Initializing MixinExtras via com.llamalad7.mixinextras.service.MixinExtrasServiceImpl(version=0.5.4).
[19:52:11] [main/INFO] (smart_survival_architect) SSA_S1_COMMON_READY block=smart_survival_architect:spike_marker
[19:52:12] [main/INFO] (Minecraft) Environment: Environment[sessionHost=https://sessionserver.mojang.com, servicesHost=https://api.minecraftservices.com, profilesHost=https://api.mojang.com, name=PROD]
[19:52:13] [main/INFO] (Minecraft) Loaded 1585 recipes
[19:52:13] [main/INFO] (Minecraft) Loaded 1688 advancements
[19:52:13] [main/INFO] (BiomeModificationImpl) Applied 0 biome modifications to 0 of 66 new biomes in 1.015 ms
[19:52:13] [Server thread/INFO] (Minecraft) Starting minecraft server version 26.2
[19:52:13] [Server thread/INFO] (Minecraft) Loading properties
[19:52:13] [Server thread/INFO] (Minecraft) Default game type: SURVIVAL
[19:52:13] [Server thread/INFO] (Minecraft) Generating keypair
[19:52:13] [Server thread/INFO] (Minecraft) Starting Minecraft server on *:0
[19:52:13] [Server thread/INFO] (Minecraft) Preparing level "world"
[19:52:13] [Server thread/INFO] (Minecraft) Loading 0 persistent chunks...
[19:52:13] [Server thread/INFO] (Minecraft) Preparing spawn area: 100%
[19:52:13] [Server thread/INFO] (Minecraft) Time elapsed: 50 ms
[19:52:13] [Server thread/INFO] (Minecraft) Done (0.280s)! For help, type "help"
[19:52:13] [Server thread/INFO] (Minecraft) Saving chunks for level 'ServerLevel[world]'/minecraft:overworld
[19:52:14] [Server thread/INFO] (Minecraft) Saving chunks for level 'ServerLevel[world]'/minecraft:the_end
[19:52:14] [Server thread/INFO] (Minecraft) Saving chunks for level 'ServerLevel[world]'/minecraft:the_nether
[19:52:14] [Server thread/INFO] (Minecraft) ThreadedAnvilChunkStorage (world): All chunks are saved
[19:52:14] [Server thread/INFO] (Minecraft) ThreadedAnvilChunkStorage (DIM1): All chunks are saved
[19:52:14] [Server thread/INFO] (Minecraft) ThreadedAnvilChunkStorage (DIM-1): All chunks are saved
[19:52:14] [Server thread/INFO] (Minecraft) ThreadedAnvilChunkStorage: All dimensions are saved
SSA_S5_RECOVERY fixture=s5-after-all-deltas-before-commit boundary=after_all_deltas_before_commit first=COMMITTED second=NO_ACTIVE_INTENT scheduled=true world=fcd156d8-5cf8-4acf-a9b9-b0e9d1c1a231 metadata=true exact=true
[19:52:14] [Server thread/INFO] (Minecraft) Stopping server
[19:52:14] [Server thread/INFO] (Minecraft) Saving players
[19:52:14] [Server thread/INFO] (Minecraft) Saving worlds
[19:52:14] [Server thread/INFO] (Minecraft) Saving chunks for level 'ServerLevel[world]'/minecraft:overworld
[19:52:14] [Server thread/INFO] (Minecraft) Saving chunks for level 'ServerLevel[world]'/minecraft:the_end
[19:52:14] [Server thread/INFO] (Minecraft) Saving chunks for level 'ServerLevel[world]'/minecraft:the_nether
[19:52:14] [Server thread/INFO] (Minecraft) ThreadedAnvilChunkStorage (world): All chunks are saved
[19:52:14] [Server thread/INFO] (Minecraft) ThreadedAnvilChunkStorage (DIM1): All chunks are saved
[19:52:14] [Server thread/INFO] (Minecraft) ThreadedAnvilChunkStorage (DIM-1): All chunks are saved
[19:52:14] [Server thread/INFO] (Minecraft) ThreadedAnvilChunkStorage: All dimensions are saved

BUILD SUCCESSFUL in 15s
12 actionable tasks: 3 executed, 9 up-to-date

CASE=s5-after-journal-commit-before-wal-commit MODE=crash BOUNDARY=after_journal_commit_before_wal_commit
STARTED=2026-08-11T19:52:14.9295973+07:00
FINISHED=2026-08-11T19:52:30.8177972+07:00
GRADLE_EXIT_CODE=1
To honour the JVM settings for this build a single-use Daemon process will be forked. For more on this, please refer to https://docs.gradle.org/9.5.1/userguide/gradle_daemon.html#sec:disabling_the_daemon in the Gradle documentation.
Daemon will be stopped at the end of the build

> Configure project :platform-fabric
Fabric Loom: 1.17.19

> Task :minecraft-common:processResources NO-SOURCE
> Task :construction-core:processResources NO-SOURCE
> Task :platform-fabric:processResources UP-TO-DATE
> Task :architect-core:compileJava UP-TO-DATE
> Task :architect-core:processResources NO-SOURCE
> Task :architect-core:classes UP-TO-DATE
> Task :architect-core:jar UP-TO-DATE
> Task :platform-fabric:deleteGameTestRunDir
> Task :construction-core:compileJava UP-TO-DATE
> Task :construction-core:classes UP-TO-DATE
> Task :minecraft-common:compileJava NO-SOURCE
> Task :minecraft-common:classes UP-TO-DATE
> Task :construction-core:jar UP-TO-DATE
> Task :platform-fabric:acceptGameTestEula
> Task :minecraft-common:jar UP-TO-DATE
> Task :platform-fabric:compileJava UP-TO-DATE
> Task :platform-fabric:classes UP-TO-DATE
> Task :platform-fabric:generateLog4jConfig UP-TO-DATE
> Task :platform-fabric:generateDLIConfig UP-TO-DATE
> Task :platform-fabric:configureLaunch

> Task :platform-fabric:runServer
[19:52:21] [main/INFO] (FabricLoader/GameProvider) Loading Minecraft 26.2 with Fabric Loader 0.19.3
[19:52:21] [main/INFO] (FabricLoader/Mappings) Mappings not present!
[19:52:21] [main/INFO] (FabricLoader) Loading 43 mods:
	- fabric-api 0.154.2+26.2
	   |-- fabric-key-mapping-api-v1 2.0.5+e2bdee789e
	   |-- fabric-model-loading-api-v1 8.0.15+c80601bb9e
	   |-- fabric-renderer-api-v1 14.1.2+2b0d8a229e
	   |-- fabric-renderer-indigo 9.1.2+2b0d8a229e
	   |-- fabric-rendering-v1 25.3.1+6988455e9e
	   |-- fabric-screen-api-v1 5.1.0+48e3c0b09e
	   \-- fabric-sound-api-v1 2.0.5+11a26f319e
	- fabric-api-base 2.0.4+ece063239e
	- fabric-api-lookup-api-v1 2.0.17+11e1c9a39e
	- fabric-biome-api-v1 18.0.6+c7bd5b8e9e
	- fabric-block-api-v1 3.0.3+ec56b6019e
	- fabric-block-getter-api-v2 2.0.7+ec56b6019e
	- fabric-command-api-v2 3.1.0+00cb03469e
	- fabric-content-registries-v0 11.2.2+b7a678a99e
	- fabric-convention-tags-v2 4.7.0+1f023a9e9e
	- fabric-crash-report-info-v1 1.0.5+086d547a9e
	- fabric-creative-tab-api-v1 5.0.14+d871b99e9e
	- fabric-data-attachment-api-v1 2.2.17+aa0fd6fe9e
	- fabric-data-generation-api-v1 25.4.4+9e7dc27f9e
	- fabric-debug-api-v1 1.0.2+c792624d9e
	- fabric-dimensions-v1 5.1.9+9cbf5da59e
	- fabric-entity-events-v1 5.0.5+06488ac19e
	- fabric-events-interaction-v0 5.2.6+8f57f7ee9e
	- fabric-game-rule-api-v1 4.0.8+46a6d00c9e
	- fabric-gametest-api-v1 4.0.21+4a7fa0819e
	- fabric-item-api-v1 14.2.0+7aec7be39e
	- fabric-lifecycle-events-v1 4.1.3+4575b05f9e
	- fabric-loot-api-v3 3.0.17+06488ac19e
	- fabric-menu-api-v1 2.0.16+086d547a9e
	- fabric-message-api-v1 7.0.7+086d547a9e
	- fabric-networking-api-v1 6.3.3+72073ef09e
	- fabric-object-builder-api-v1 24.1.0+6fcd5f039e
	- fabric-particles-v1 5.0.18+d1756aa99e
	- fabric-permission-api-v1 1.0.3+b7020ca29e
	- fabric-recipe-api-v1 9.0.20+11e1c9a39e
	- fabric-registry-sync-v0 7.1.0+c7bd5b8e9e
	- fabric-rendering-fluids-v1 6.0.4+06488ac19e
	- fabric-resource-conditions-api-v1 6.1.0+10e9a28b9e
	- fabric-resource-loader-v0 3.3.20+4fc5413f9e
	- fabric-resource-loader-v1 2.0.13+9edec1269e
	- fabric-serialization-api-v1 2.0.4+11a26f319e
	- fabric-tag-api-v1 2.1.3+794df31d9e
	- fabric-transfer-api-v1 8.0.11+39b5a3929e
	- fabric-transitive-access-wideners-v1 8.1.4+67c847259e
	- fabricloader 0.19.3
	- java 25
	- minecraft 26.2
	- mixinextras 0.5.4
	- smart_survival_architect 0.1.0-SNAPSHOT
[19:52:21] [main/INFO] (FabricLoader/Mixin) SpongePowered MIXIN Subsystem Version=0.8.7 Source=file:/C:/Users/clone/.gradle/caches/modules-2/files-2.1/net.fabricmc/sponge-mixin/0.17.3+mixin.0.8.7/41c4a3984a80f4679e759fb9f495587acc5cdac7/sponge-mixin-0.17.3+mixin.0.8.7.jar Service=Knot/Fabric Env=SERVER
[19:52:21] [main/INFO] (FabricLoader/Mixin) Compatibility level set to JAVA_25
[19:52:22] [main/INFO] (FabricLoader/MixinExtras|Service) Initializing MixinExtras via com.llamalad7.mixinextras.service.MixinExtrasServiceImpl(version=0.5.4).
[19:52:27] [main/INFO] (smart_survival_architect) SSA_S1_COMMON_READY block=smart_survival_architect:spike_marker
[19:52:28] [main/INFO] (Minecraft) Environment: Environment[sessionHost=https://sessionserver.mojang.com, servicesHost=https://api.minecraftservices.com, profilesHost=https://api.mojang.com, name=PROD]
[19:52:29] [main/INFO] (Minecraft) Loaded 1585 recipes
[19:52:29] [main/INFO] (Minecraft) Loaded 1688 advancements
[19:52:29] [main/INFO] (BiomeModificationImpl) Applied 0 biome modifications to 0 of 66 new biomes in 1.790 ms
[19:52:29] [Server thread/INFO] (Minecraft) Starting minecraft server version 26.2
[19:52:29] [Server thread/INFO] (Minecraft) Loading properties
[19:52:29] [Server thread/INFO] (Minecraft) Default game type: SURVIVAL
[19:52:29] [Server thread/INFO] (Minecraft) Generating keypair
[19:52:29] [Server thread/INFO] (Minecraft) Starting Minecraft server on *:0
[19:52:29] [Server thread/INFO] (Minecraft) Preparing level "world"
[19:52:29] [Server thread/INFO] (Minecraft) Loading 0 persistent chunks...
[19:52:30] [Server thread/INFO] (Minecraft) Preparing spawn area: 100%
[19:52:30] [Server thread/INFO] (Minecraft) Time elapsed: 61 ms
[19:52:30] [Server thread/INFO] (Minecraft) Done (0.384s)! For help, type "help"
[19:52:30] [Server thread/INFO] (Minecraft) Saving chunks for level 'ServerLevel[world]'/minecraft:overworld
[19:52:30] [Server thread/INFO] (Minecraft) Saving chunks for level 'ServerLevel[world]'/minecraft:the_nether
[19:52:30] [Server thread/INFO] (Minecraft) Saving chunks for level 'ServerLevel[world]'/minecraft:the_end
[19:52:30] [Server thread/INFO] (Minecraft) ThreadedAnvilChunkStorage (world): All chunks are saved
[19:52:30] [Server thread/INFO] (Minecraft) ThreadedAnvilChunkStorage (DIM-1): All chunks are saved
[19:52:30] [Server thread/INFO] (Minecraft) ThreadedAnvilChunkStorage (DIM1): All chunks are saved
[19:52:30] [Server thread/INFO] (Minecraft) ThreadedAnvilChunkStorage: All dimensions are saved
SSA_S5_CRASH fixture=s5-after-journal-commit-before-wal-commit boundary=after_journal_commit_before_wal_commit exit=70

> Task :platform-fabric:runServer FAILED
12 actionable tasks: 3 executed, 9 up-to-date


FAILURE: Build failed with an exception.

* What went wrong:
Execution failed for task ':platform-fabric:runServer' (registered by plugin 'fabric-loom').
> Process 'command 'C:\Program Files\Eclipse Adoptium\jdk-25.0.4.7-hotspot\bin\java.exe'' finished with non-zero exit value 70

* Try:
> Run with --stacktrace option to get the stack trace.
> Run with --info or --debug option to get more log output.
> Run with --scan to get full insights from a Build Scan (powered by Develocity).
> Get more help at https://help.gradle.org.

BUILD FAILED in 15s

CASE=s5-after-journal-commit-before-wal-commit MODE=recover BOUNDARY=after_journal_commit_before_wal_commit
STARTED=2026-08-11T19:52:30.8187973+07:00
FINISHED=2026-08-11T19:52:46.2546819+07:00
GRADLE_EXIT_CODE=0
To honour the JVM settings for this build a single-use Daemon process will be forked. For more on this, please refer to https://docs.gradle.org/9.5.1/userguide/gradle_daemon.html#sec:disabling_the_daemon in the Gradle documentation.
Daemon will be stopped at the end of the build

> Configure project :platform-fabric
Fabric Loom: 1.17.19

> Task :construction-core:processResources NO-SOURCE
> Task :minecraft-common:processResources NO-SOURCE
> Task :platform-fabric:processResources UP-TO-DATE
> Task :architect-core:compileJava UP-TO-DATE
> Task :architect-core:processResources NO-SOURCE
> Task :architect-core:classes UP-TO-DATE
> Task :architect-core:jar UP-TO-DATE
> Task :platform-fabric:deleteGameTestRunDir
> Task :construction-core:compileJava UP-TO-DATE
> Task :construction-core:classes UP-TO-DATE
> Task :minecraft-common:compileJava NO-SOURCE
> Task :minecraft-common:classes UP-TO-DATE
> Task :construction-core:jar UP-TO-DATE
> Task :minecraft-common:jar UP-TO-DATE
> Task :platform-fabric:acceptGameTestEula
> Task :platform-fabric:compileJava UP-TO-DATE
> Task :platform-fabric:classes UP-TO-DATE
> Task :platform-fabric:generateLog4jConfig UP-TO-DATE
> Task :platform-fabric:generateDLIConfig UP-TO-DATE
> Task :platform-fabric:configureLaunch

> Task :platform-fabric:runServer
[19:52:37] [main/INFO] (FabricLoader/GameProvider) Loading Minecraft 26.2 with Fabric Loader 0.19.3
[19:52:37] [main/INFO] (FabricLoader/Mappings) Mappings not present!
[19:52:37] [main/INFO] (FabricLoader) Loading 43 mods:
	- fabric-api 0.154.2+26.2
	   |-- fabric-key-mapping-api-v1 2.0.5+e2bdee789e
	   |-- fabric-model-loading-api-v1 8.0.15+c80601bb9e
	   |-- fabric-renderer-api-v1 14.1.2+2b0d8a229e
	   |-- fabric-renderer-indigo 9.1.2+2b0d8a229e
	   |-- fabric-rendering-v1 25.3.1+6988455e9e
	   |-- fabric-screen-api-v1 5.1.0+48e3c0b09e
	   \-- fabric-sound-api-v1 2.0.5+11a26f319e
	- fabric-api-base 2.0.4+ece063239e
	- fabric-api-lookup-api-v1 2.0.17+11e1c9a39e
	- fabric-biome-api-v1 18.0.6+c7bd5b8e9e
	- fabric-block-api-v1 3.0.3+ec56b6019e
	- fabric-block-getter-api-v2 2.0.7+ec56b6019e
	- fabric-command-api-v2 3.1.0+00cb03469e
	- fabric-content-registries-v0 11.2.2+b7a678a99e
	- fabric-convention-tags-v2 4.7.0+1f023a9e9e
	- fabric-crash-report-info-v1 1.0.5+086d547a9e
	- fabric-creative-tab-api-v1 5.0.14+d871b99e9e
	- fabric-data-attachment-api-v1 2.2.17+aa0fd6fe9e
	- fabric-data-generation-api-v1 25.4.4+9e7dc27f9e
	- fabric-debug-api-v1 1.0.2+c792624d9e
	- fabric-dimensions-v1 5.1.9+9cbf5da59e
	- fabric-entity-events-v1 5.0.5+06488ac19e
	- fabric-events-interaction-v0 5.2.6+8f57f7ee9e
	- fabric-game-rule-api-v1 4.0.8+46a6d00c9e
	- fabric-gametest-api-v1 4.0.21+4a7fa0819e
	- fabric-item-api-v1 14.2.0+7aec7be39e
	- fabric-lifecycle-events-v1 4.1.3+4575b05f9e
	- fabric-loot-api-v3 3.0.17+06488ac19e
	- fabric-menu-api-v1 2.0.16+086d547a9e
	- fabric-message-api-v1 7.0.7+086d547a9e
	- fabric-networking-api-v1 6.3.3+72073ef09e
	- fabric-object-builder-api-v1 24.1.0+6fcd5f039e
	- fabric-particles-v1 5.0.18+d1756aa99e
	- fabric-permission-api-v1 1.0.3+b7020ca29e
	- fabric-recipe-api-v1 9.0.20+11e1c9a39e
	- fabric-registry-sync-v0 7.1.0+c7bd5b8e9e
	- fabric-rendering-fluids-v1 6.0.4+06488ac19e
	- fabric-resource-conditions-api-v1 6.1.0+10e9a28b9e
	- fabric-resource-loader-v0 3.3.20+4fc5413f9e
	- fabric-resource-loader-v1 2.0.13+9edec1269e
	- fabric-serialization-api-v1 2.0.4+11a26f319e
	- fabric-tag-api-v1 2.1.3+794df31d9e
	- fabric-transfer-api-v1 8.0.11+39b5a3929e
	- fabric-transitive-access-wideners-v1 8.1.4+67c847259e
	- fabricloader 0.19.3
	- java 25
	- minecraft 26.2
	- mixinextras 0.5.4
	- smart_survival_architect 0.1.0-SNAPSHOT
[19:52:37] [main/INFO] (FabricLoader/Mixin) SpongePowered MIXIN Subsystem Version=0.8.7 Source=file:/C:/Users/clone/.gradle/caches/modules-2/files-2.1/net.fabricmc/sponge-mixin/0.17.3+mixin.0.8.7/41c4a3984a80f4679e759fb9f495587acc5cdac7/sponge-mixin-0.17.3+mixin.0.8.7.jar Service=Knot/Fabric Env=SERVER
[19:52:37] [main/INFO] (FabricLoader/Mixin) Compatibility level set to JAVA_25
[19:52:38] [main/INFO] (FabricLoader/MixinExtras|Service) Initializing MixinExtras via com.llamalad7.mixinextras.service.MixinExtrasServiceImpl(version=0.5.4).
[19:52:43] [main/INFO] (smart_survival_architect) SSA_S1_COMMON_READY block=smart_survival_architect:spike_marker
[19:52:43] [main/INFO] (Minecraft) Environment: Environment[sessionHost=https://sessionserver.mojang.com, servicesHost=https://api.minecraftservices.com, profilesHost=https://api.mojang.com, name=PROD]
[19:52:44] [main/INFO] (Minecraft) Loaded 1585 recipes
[19:52:44] [main/INFO] (Minecraft) Loaded 1688 advancements
[19:52:44] [main/INFO] (BiomeModificationImpl) Applied 0 biome modifications to 0 of 66 new biomes in 1.165 ms
[19:52:44] [Server thread/INFO] (Minecraft) Starting minecraft server version 26.2
[19:52:44] [Server thread/INFO] (Minecraft) Loading properties
[19:52:44] [Server thread/INFO] (Minecraft) Default game type: SURVIVAL
[19:52:44] [Server thread/INFO] (Minecraft) Generating keypair
[19:52:44] [Server thread/INFO] (Minecraft) Starting Minecraft server on *:0
[19:52:45] [Server thread/INFO] (Minecraft) Preparing level "world"
[19:52:45] [Server thread/INFO] (Minecraft) Loading 0 persistent chunks...
[19:52:45] [Server thread/INFO] (Minecraft) Preparing spawn area: 100%
[19:52:45] [Server thread/INFO] (Minecraft) Time elapsed: 59 ms
[19:52:45] [Server thread/INFO] (Minecraft) Done (0.373s)! For help, type "help"
[19:52:45] [Server thread/INFO] (Minecraft) Saving chunks for level 'ServerLevel[world]'/minecraft:overworld
[19:52:45] [Server thread/INFO] (Minecraft) Saving chunks for level 'ServerLevel[world]'/minecraft:the_nether
[19:52:45] [Server thread/INFO] (Minecraft) Saving chunks for level 'ServerLevel[world]'/minecraft:the_end
[19:52:45] [Server thread/INFO] (Minecraft) ThreadedAnvilChunkStorage (world): All chunks are saved
[19:52:45] [Server thread/INFO] (Minecraft) ThreadedAnvilChunkStorage (DIM-1): All chunks are saved
[19:52:45] [Server thread/INFO] (Minecraft) ThreadedAnvilChunkStorage (DIM1): All chunks are saved
[19:52:45] [Server thread/INFO] (Minecraft) ThreadedAnvilChunkStorage: All dimensions are saved
SSA_S5_RECOVERY fixture=s5-after-journal-commit-before-wal-commit boundary=after_journal_commit_before_wal_commit first=COMMITTED second=NO_ACTIVE_INTENT scheduled=true world=fcd156d8-5cf8-4acf-a9b9-b0e9d1c1a231 metadata=true exact=true
[19:52:45] [Server thread/INFO] (Minecraft) Stopping server
[19:52:45] [Server thread/INFO] (Minecraft) Saving players
[19:52:45] [Server thread/INFO] (Minecraft) Saving worlds
[19:52:45] [Server thread/INFO] (Minecraft) Saving chunks for level 'ServerLevel[world]'/minecraft:overworld
[19:52:45] [Server thread/INFO] (Minecraft) Saving chunks for level 'ServerLevel[world]'/minecraft:the_nether
[19:52:45] [Server thread/INFO] (Minecraft) Saving chunks for level 'ServerLevel[world]'/minecraft:the_end
[19:52:45] [Server thread/INFO] (Minecraft) ThreadedAnvilChunkStorage (world): All chunks are saved
[19:52:45] [Server thread/INFO] (Minecraft) ThreadedAnvilChunkStorage (DIM-1): All chunks are saved
[19:52:45] [Server thread/INFO] (Minecraft) ThreadedAnvilChunkStorage (DIM1): All chunks are saved
[19:52:45] [Server thread/INFO] (Minecraft) ThreadedAnvilChunkStorage: All dimensions are saved

BUILD SUCCESSFUL in 15s
12 actionable tasks: 3 executed, 9 up-to-date

CASE=s5-after-wal-commit-before-clear MODE=crash BOUNDARY=after_wal_commit_before_clear
STARTED=2026-08-11T19:52:46.2701909+07:00
FINISHED=2026-08-11T19:53:01.4280475+07:00
GRADLE_EXIT_CODE=1
To honour the JVM settings for this build a single-use Daemon process will be forked. For more on this, please refer to https://docs.gradle.org/9.5.1/userguide/gradle_daemon.html#sec:disabling_the_daemon in the Gradle documentation.
Daemon will be stopped at the end of the build

> Configure project :platform-fabric
Fabric Loom: 1.17.19

> Task :construction-core:processResources NO-SOURCE
> Task :minecraft-common:processResources NO-SOURCE
> Task :platform-fabric:processResources UP-TO-DATE
> Task :architect-core:compileJava UP-TO-DATE
> Task :architect-core:processResources NO-SOURCE
> Task :architect-core:classes UP-TO-DATE
> Task :platform-fabric:deleteGameTestRunDir
> Task :architect-core:jar UP-TO-DATE
> Task :construction-core:compileJava UP-TO-DATE
> Task :construction-core:classes UP-TO-DATE
> Task :minecraft-common:compileJava NO-SOURCE
> Task :minecraft-common:classes UP-TO-DATE
> Task :construction-core:jar UP-TO-DATE
> Task :platform-fabric:acceptGameTestEula
> Task :minecraft-common:jar UP-TO-DATE
> Task :platform-fabric:compileJava UP-TO-DATE
> Task :platform-fabric:classes UP-TO-DATE
> Task :platform-fabric:generateLog4jConfig UP-TO-DATE
> Task :platform-fabric:generateDLIConfig UP-TO-DATE
> Task :platform-fabric:configureLaunch

> Task :platform-fabric:runServer
[19:52:52] [main/INFO] (FabricLoader/GameProvider) Loading Minecraft 26.2 with Fabric Loader 0.19.3
[19:52:52] [main/INFO] (FabricLoader/Mappings) Mappings not present!
[19:52:52] [main/INFO] (FabricLoader) Loading 43 mods:
	- fabric-api 0.154.2+26.2
	   |-- fabric-key-mapping-api-v1 2.0.5+e2bdee789e
	   |-- fabric-model-loading-api-v1 8.0.15+c80601bb9e
	   |-- fabric-renderer-api-v1 14.1.2+2b0d8a229e
	   |-- fabric-renderer-indigo 9.1.2+2b0d8a229e
	   |-- fabric-rendering-v1 25.3.1+6988455e9e
	   |-- fabric-screen-api-v1 5.1.0+48e3c0b09e
	   \-- fabric-sound-api-v1 2.0.5+11a26f319e
	- fabric-api-base 2.0.4+ece063239e
	- fabric-api-lookup-api-v1 2.0.17+11e1c9a39e
	- fabric-biome-api-v1 18.0.6+c7bd5b8e9e
	- fabric-block-api-v1 3.0.3+ec56b6019e
	- fabric-block-getter-api-v2 2.0.7+ec56b6019e
	- fabric-command-api-v2 3.1.0+00cb03469e
	- fabric-content-registries-v0 11.2.2+b7a678a99e
	- fabric-convention-tags-v2 4.7.0+1f023a9e9e
	- fabric-crash-report-info-v1 1.0.5+086d547a9e
	- fabric-creative-tab-api-v1 5.0.14+d871b99e9e
	- fabric-data-attachment-api-v1 2.2.17+aa0fd6fe9e
	- fabric-data-generation-api-v1 25.4.4+9e7dc27f9e
	- fabric-debug-api-v1 1.0.2+c792624d9e
	- fabric-dimensions-v1 5.1.9+9cbf5da59e
	- fabric-entity-events-v1 5.0.5+06488ac19e
	- fabric-events-interaction-v0 5.2.6+8f57f7ee9e
	- fabric-game-rule-api-v1 4.0.8+46a6d00c9e
	- fabric-gametest-api-v1 4.0.21+4a7fa0819e
	- fabric-item-api-v1 14.2.0+7aec7be39e
	- fabric-lifecycle-events-v1 4.1.3+4575b05f9e
	- fabric-loot-api-v3 3.0.17+06488ac19e
	- fabric-menu-api-v1 2.0.16+086d547a9e
	- fabric-message-api-v1 7.0.7+086d547a9e
	- fabric-networking-api-v1 6.3.3+72073ef09e
	- fabric-object-builder-api-v1 24.1.0+6fcd5f039e
	- fabric-particles-v1 5.0.18+d1756aa99e
	- fabric-permission-api-v1 1.0.3+b7020ca29e
	- fabric-recipe-api-v1 9.0.20+11e1c9a39e
	- fabric-registry-sync-v0 7.1.0+c7bd5b8e9e
	- fabric-rendering-fluids-v1 6.0.4+06488ac19e
	- fabric-resource-conditions-api-v1 6.1.0+10e9a28b9e
	- fabric-resource-loader-v0 3.3.20+4fc5413f9e
	- fabric-resource-loader-v1 2.0.13+9edec1269e
	- fabric-serialization-api-v1 2.0.4+11a26f319e
	- fabric-tag-api-v1 2.1.3+794df31d9e
	- fabric-transfer-api-v1 8.0.11+39b5a3929e
	- fabric-transitive-access-wideners-v1 8.1.4+67c847259e
	- fabricloader 0.19.3
	- java 25
	- minecraft 26.2
	- mixinextras 0.5.4
	- smart_survival_architect 0.1.0-SNAPSHOT
[19:52:53] [main/INFO] (FabricLoader/Mixin) SpongePowered MIXIN Subsystem Version=0.8.7 Source=file:/C:/Users/clone/.gradle/caches/modules-2/files-2.1/net.fabricmc/sponge-mixin/0.17.3+mixin.0.8.7/41c4a3984a80f4679e759fb9f495587acc5cdac7/sponge-mixin-0.17.3+mixin.0.8.7.jar Service=Knot/Fabric Env=SERVER
[19:52:53] [main/INFO] (FabricLoader/Mixin) Compatibility level set to JAVA_25
[19:52:53] [main/INFO] (FabricLoader/MixinExtras|Service) Initializing MixinExtras via com.llamalad7.mixinextras.service.MixinExtrasServiceImpl(version=0.5.4).
[19:52:58] [main/INFO] (smart_survival_architect) SSA_S1_COMMON_READY block=smart_survival_architect:spike_marker
[19:52:58] [main/INFO] (Minecraft) Environment: Environment[sessionHost=https://sessionserver.mojang.com, servicesHost=https://api.minecraftservices.com, profilesHost=https://api.mojang.com, name=PROD]
[19:52:59] [main/INFO] (Minecraft) Loaded 1585 recipes
[19:52:59] [main/INFO] (Minecraft) Loaded 1688 advancements
[19:53:00] [main/INFO] (BiomeModificationImpl) Applied 0 biome modifications to 0 of 66 new biomes in 1.384 ms
[19:53:00] [Server thread/INFO] (Minecraft) Starting minecraft server version 26.2
[19:53:00] [Server thread/INFO] (Minecraft) Loading properties
[19:53:00] [Server thread/INFO] (Minecraft) Default game type: SURVIVAL
[19:53:00] [Server thread/INFO] (Minecraft) Generating keypair
[19:53:00] [Server thread/INFO] (Minecraft) Starting Minecraft server on *:0
[19:53:00] [Server thread/INFO] (Minecraft) Preparing level "world"
[19:53:00] [Server thread/INFO] (Minecraft) Loading 0 persistent chunks...
[19:53:00] [Server thread/INFO] (Minecraft) Preparing spawn area: 100%
[19:53:00] [Server thread/INFO] (Minecraft) Time elapsed: 61 ms
[19:53:00] [Server thread/INFO] (Minecraft) Done (0.340s)! For help, type "help"
[19:53:00] [Server thread/INFO] (Minecraft) Saving chunks for level 'ServerLevel[world]'/minecraft:overworld
[19:53:00] [Server thread/INFO] (Minecraft) Saving chunks for level 'ServerLevel[world]'/minecraft:the_nether
[19:53:00] [Server thread/INFO] (Minecraft) Saving chunks for level 'ServerLevel[world]'/minecraft:the_end
[19:53:00] [Server thread/INFO] (Minecraft) ThreadedAnvilChunkStorage (world): All chunks are saved
[19:53:00] [Server thread/INFO] (Minecraft) ThreadedAnvilChunkStorage (DIM-1): All chunks are saved
[19:53:00] [Server thread/INFO] (Minecraft) ThreadedAnvilChunkStorage (DIM1): All chunks are saved
[19:53:00] [Server thread/INFO] (Minecraft) ThreadedAnvilChunkStorage: All dimensions are saved
SSA_S5_CRASH fixture=s5-after-wal-commit-before-clear boundary=after_wal_commit_before_clear exit=70

> Task :platform-fabric:runServer FAILED
12 actionable tasks: 3 executed, 9 up-to-date


FAILURE: Build failed with an exception.

* What went wrong:
Execution failed for task ':platform-fabric:runServer' (registered by plugin 'fabric-loom').
> Process 'command 'C:\Program Files\Eclipse Adoptium\jdk-25.0.4.7-hotspot\bin\java.exe'' finished with non-zero exit value 70

* Try:
> Run with --stacktrace option to get the stack trace.
> Run with --info or --debug option to get more log output.
> Run with --scan to get full insights from a Build Scan (powered by Develocity).
> Get more help at https://help.gradle.org.

BUILD FAILED in 14s

CASE=s5-after-wal-commit-before-clear MODE=recover BOUNDARY=after_wal_commit_before_clear
STARTED=2026-08-11T19:53:01.4290475+07:00
FINISHED=2026-08-11T19:53:16.7092594+07:00
GRADLE_EXIT_CODE=0
To honour the JVM settings for this build a single-use Daemon process will be forked. For more on this, please refer to https://docs.gradle.org/9.5.1/userguide/gradle_daemon.html#sec:disabling_the_daemon in the Gradle documentation.
Daemon will be stopped at the end of the build

> Configure project :platform-fabric
Fabric Loom: 1.17.19

> Task :minecraft-common:processResources NO-SOURCE
> Task :construction-core:processResources NO-SOURCE
> Task :platform-fabric:processResources UP-TO-DATE
> Task :architect-core:compileJava UP-TO-DATE
> Task :architect-core:processResources NO-SOURCE
> Task :architect-core:classes UP-TO-DATE
> Task :platform-fabric:deleteGameTestRunDir
> Task :architect-core:jar UP-TO-DATE
> Task :construction-core:compileJava UP-TO-DATE
> Task :construction-core:classes UP-TO-DATE
> Task :minecraft-common:compileJava NO-SOURCE
> Task :minecraft-common:classes UP-TO-DATE
> Task :construction-core:jar UP-TO-DATE
> Task :platform-fabric:acceptGameTestEula
> Task :minecraft-common:jar UP-TO-DATE
> Task :platform-fabric:compileJava UP-TO-DATE
> Task :platform-fabric:classes UP-TO-DATE
> Task :platform-fabric:generateLog4jConfig UP-TO-DATE
> Task :platform-fabric:generateDLIConfig UP-TO-DATE
> Task :platform-fabric:configureLaunch

> Task :platform-fabric:runServer
[19:53:08] [main/INFO] (FabricLoader/GameProvider) Loading Minecraft 26.2 with Fabric Loader 0.19.3
[19:53:08] [main/INFO] (FabricLoader/Mappings) Mappings not present!
[19:53:08] [main/INFO] (FabricLoader) Loading 43 mods:
	- fabric-api 0.154.2+26.2
	   |-- fabric-key-mapping-api-v1 2.0.5+e2bdee789e
	   |-- fabric-model-loading-api-v1 8.0.15+c80601bb9e
	   |-- fabric-renderer-api-v1 14.1.2+2b0d8a229e
	   |-- fabric-renderer-indigo 9.1.2+2b0d8a229e
	   |-- fabric-rendering-v1 25.3.1+6988455e9e
	   |-- fabric-screen-api-v1 5.1.0+48e3c0b09e
	   \-- fabric-sound-api-v1 2.0.5+11a26f319e
	- fabric-api-base 2.0.4+ece063239e
	- fabric-api-lookup-api-v1 2.0.17+11e1c9a39e
	- fabric-biome-api-v1 18.0.6+c7bd5b8e9e
	- fabric-block-api-v1 3.0.3+ec56b6019e
	- fabric-block-getter-api-v2 2.0.7+ec56b6019e
	- fabric-command-api-v2 3.1.0+00cb03469e
	- fabric-content-registries-v0 11.2.2+b7a678a99e
	- fabric-convention-tags-v2 4.7.0+1f023a9e9e
	- fabric-crash-report-info-v1 1.0.5+086d547a9e
	- fabric-creative-tab-api-v1 5.0.14+d871b99e9e
	- fabric-data-attachment-api-v1 2.2.17+aa0fd6fe9e
	- fabric-data-generation-api-v1 25.4.4+9e7dc27f9e
	- fabric-debug-api-v1 1.0.2+c792624d9e
	- fabric-dimensions-v1 5.1.9+9cbf5da59e
	- fabric-entity-events-v1 5.0.5+06488ac19e
	- fabric-events-interaction-v0 5.2.6+8f57f7ee9e
	- fabric-game-rule-api-v1 4.0.8+46a6d00c9e
	- fabric-gametest-api-v1 4.0.21+4a7fa0819e
	- fabric-item-api-v1 14.2.0+7aec7be39e
	- fabric-lifecycle-events-v1 4.1.3+4575b05f9e
	- fabric-loot-api-v3 3.0.17+06488ac19e
	- fabric-menu-api-v1 2.0.16+086d547a9e
	- fabric-message-api-v1 7.0.7+086d547a9e
	- fabric-networking-api-v1 6.3.3+72073ef09e
	- fabric-object-builder-api-v1 24.1.0+6fcd5f039e
	- fabric-particles-v1 5.0.18+d1756aa99e
	- fabric-permission-api-v1 1.0.3+b7020ca29e
	- fabric-recipe-api-v1 9.0.20+11e1c9a39e
	- fabric-registry-sync-v0 7.1.0+c7bd5b8e9e
	- fabric-rendering-fluids-v1 6.0.4+06488ac19e
	- fabric-resource-conditions-api-v1 6.1.0+10e9a28b9e
	- fabric-resource-loader-v0 3.3.20+4fc5413f9e
	- fabric-resource-loader-v1 2.0.13+9edec1269e
	- fabric-serialization-api-v1 2.0.4+11a26f319e
	- fabric-tag-api-v1 2.1.3+794df31d9e
	- fabric-transfer-api-v1 8.0.11+39b5a3929e
	- fabric-transitive-access-wideners-v1 8.1.4+67c847259e
	- fabricloader 0.19.3
	- java 25
	- minecraft 26.2
	- mixinextras 0.5.4
	- smart_survival_architect 0.1.0-SNAPSHOT
[19:53:08] [main/INFO] (FabricLoader/Mixin) SpongePowered MIXIN Subsystem Version=0.8.7 Source=file:/C:/Users/clone/.gradle/caches/modules-2/files-2.1/net.fabricmc/sponge-mixin/0.17.3+mixin.0.8.7/41c4a3984a80f4679e759fb9f495587acc5cdac7/sponge-mixin-0.17.3+mixin.0.8.7.jar Service=Knot/Fabric Env=SERVER
[19:53:08] [main/INFO] (FabricLoader/Mixin) Compatibility level set to JAVA_25
[19:53:08] [main/INFO] (FabricLoader/MixinExtras|Service) Initializing MixinExtras via com.llamalad7.mixinextras.service.MixinExtrasServiceImpl(version=0.5.4).
[19:53:13] [main/INFO] (smart_survival_architect) SSA_S1_COMMON_READY block=smart_survival_architect:spike_marker
[19:53:13] [main/INFO] (Minecraft) Environment: Environment[sessionHost=https://sessionserver.mojang.com, servicesHost=https://api.minecraftservices.com, profilesHost=https://api.mojang.com, name=PROD]
[19:53:15] [main/INFO] (Minecraft) Loaded 1585 recipes
[19:53:15] [main/INFO] (Minecraft) Loaded 1688 advancements
[19:53:15] [main/INFO] (BiomeModificationImpl) Applied 0 biome modifications to 0 of 66 new biomes in 1.611 ms
[19:53:15] [Server thread/INFO] (Minecraft) Starting minecraft server version 26.2
[19:53:15] [Server thread/INFO] (Minecraft) Loading properties
[19:53:15] [Server thread/INFO] (Minecraft) Default game type: SURVIVAL
[19:53:15] [Server thread/INFO] (Minecraft) Generating keypair
[19:53:15] [Server thread/INFO] (Minecraft) Starting Minecraft server on *:0
[19:53:15] [Server thread/INFO] (Minecraft) Preparing level "world"
[19:53:15] [Server thread/INFO] (Minecraft) Loading 0 persistent chunks...
[19:53:15] [Server thread/INFO] (Minecraft) Preparing spawn area: 100%
[19:53:15] [Server thread/INFO] (Minecraft) Time elapsed: 59 ms
[19:53:15] [Server thread/INFO] (Minecraft) Done (0.313s)! For help, type "help"
[19:53:15] [Server thread/INFO] (Minecraft) Saving chunks for level 'ServerLevel[world]'/minecraft:overworld
[19:53:15] [Server thread/INFO] (Minecraft) Saving chunks for level 'ServerLevel[world]'/minecraft:the_nether
[19:53:15] [Server thread/INFO] (Minecraft) Saving chunks for level 'ServerLevel[world]'/minecraft:the_end
[19:53:15] [Server thread/INFO] (Minecraft) ThreadedAnvilChunkStorage (world): All chunks are saved
[19:53:15] [Server thread/INFO] (Minecraft) ThreadedAnvilChunkStorage (DIM-1): All chunks are saved
[19:53:15] [Server thread/INFO] (Minecraft) ThreadedAnvilChunkStorage (DIM1): All chunks are saved
[19:53:15] [Server thread/INFO] (Minecraft) ThreadedAnvilChunkStorage: All dimensions are saved
SSA_S5_RECOVERY fixture=s5-after-wal-commit-before-clear boundary=after_wal_commit_before_clear first=COMMITTED second=NO_ACTIVE_INTENT scheduled=true world=fcd156d8-5cf8-4acf-a9b9-b0e9d1c1a231 metadata=true exact=true
[19:53:16] [Server thread/INFO] (Minecraft) Stopping server
[19:53:16] [Server thread/INFO] (Minecraft) Saving players
[19:53:16] [Server thread/INFO] (Minecraft) Saving worlds
[19:53:16] [Server thread/INFO] (Minecraft) Saving chunks for level 'ServerLevel[world]'/minecraft:overworld
[19:53:16] [Server thread/INFO] (Minecraft) Saving chunks for level 'ServerLevel[world]'/minecraft:the_nether
[19:53:16] [Server thread/INFO] (Minecraft) Saving chunks for level 'ServerLevel[world]'/minecraft:the_end
[19:53:16] [Server thread/INFO] (Minecraft) ThreadedAnvilChunkStorage (world): All chunks are saved
[19:53:16] [Server thread/INFO] (Minecraft) ThreadedAnvilChunkStorage (DIM-1): All chunks are saved
[19:53:16] [Server thread/INFO] (Minecraft) ThreadedAnvilChunkStorage (DIM1): All chunks are saved
[19:53:16] [Server thread/INFO] (Minecraft) ThreadedAnvilChunkStorage: All dimensions are saved

BUILD SUCCESSFUL in 15s
12 actionable tasks: 3 executed, 9 up-to-date

CASE=s5-after-clear-checkpoint MODE=crash BOUNDARY=after_clear_checkpoint
STARTED=2026-08-11T19:53:16.7242986+07:00
FINISHED=2026-08-11T19:53:32.1312821+07:00
GRADLE_EXIT_CODE=1
To honour the JVM settings for this build a single-use Daemon process will be forked. For more on this, please refer to https://docs.gradle.org/9.5.1/userguide/gradle_daemon.html#sec:disabling_the_daemon in the Gradle documentation.
Daemon will be stopped at the end of the build

> Configure project :platform-fabric
Fabric Loom: 1.17.19

> Task :minecraft-common:processResources NO-SOURCE
> Task :construction-core:processResources NO-SOURCE
> Task :platform-fabric:processResources UP-TO-DATE
> Task :architect-core:compileJava UP-TO-DATE
> Task :architect-core:processResources NO-SOURCE
> Task :architect-core:classes UP-TO-DATE
> Task :architect-core:jar UP-TO-DATE
> Task :construction-core:compileJava UP-TO-DATE
> Task :platform-fabric:deleteGameTestRunDir
> Task :construction-core:classes UP-TO-DATE
> Task :minecraft-common:compileJava NO-SOURCE
> Task :minecraft-common:classes UP-TO-DATE
> Task :construction-core:jar UP-TO-DATE
> Task :minecraft-common:jar UP-TO-DATE
> Task :platform-fabric:acceptGameTestEula
> Task :platform-fabric:compileJava UP-TO-DATE
> Task :platform-fabric:classes UP-TO-DATE
> Task :platform-fabric:generateLog4jConfig UP-TO-DATE
> Task :platform-fabric:generateDLIConfig UP-TO-DATE
> Task :platform-fabric:configureLaunch

> Task :platform-fabric:runServer
[19:53:23] [main/INFO] (FabricLoader/GameProvider) Loading Minecraft 26.2 with Fabric Loader 0.19.3
[19:53:23] [main/INFO] (FabricLoader/Mappings) Mappings not present!
[19:53:23] [main/INFO] (FabricLoader) Loading 43 mods:
	- fabric-api 0.154.2+26.2
	   |-- fabric-key-mapping-api-v1 2.0.5+e2bdee789e
	   |-- fabric-model-loading-api-v1 8.0.15+c80601bb9e
	   |-- fabric-renderer-api-v1 14.1.2+2b0d8a229e
	   |-- fabric-renderer-indigo 9.1.2+2b0d8a229e
	   |-- fabric-rendering-v1 25.3.1+6988455e9e
	   |-- fabric-screen-api-v1 5.1.0+48e3c0b09e
	   \-- fabric-sound-api-v1 2.0.5+11a26f319e
	- fabric-api-base 2.0.4+ece063239e
	- fabric-api-lookup-api-v1 2.0.17+11e1c9a39e
	- fabric-biome-api-v1 18.0.6+c7bd5b8e9e
	- fabric-block-api-v1 3.0.3+ec56b6019e
	- fabric-block-getter-api-v2 2.0.7+ec56b6019e
	- fabric-command-api-v2 3.1.0+00cb03469e
	- fabric-content-registries-v0 11.2.2+b7a678a99e
	- fabric-convention-tags-v2 4.7.0+1f023a9e9e
	- fabric-crash-report-info-v1 1.0.5+086d547a9e
	- fabric-creative-tab-api-v1 5.0.14+d871b99e9e
	- fabric-data-attachment-api-v1 2.2.17+aa0fd6fe9e
	- fabric-data-generation-api-v1 25.4.4+9e7dc27f9e
	- fabric-debug-api-v1 1.0.2+c792624d9e
	- fabric-dimensions-v1 5.1.9+9cbf5da59e
	- fabric-entity-events-v1 5.0.5+06488ac19e
	- fabric-events-interaction-v0 5.2.6+8f57f7ee9e
	- fabric-game-rule-api-v1 4.0.8+46a6d00c9e
	- fabric-gametest-api-v1 4.0.21+4a7fa0819e
	- fabric-item-api-v1 14.2.0+7aec7be39e
	- fabric-lifecycle-events-v1 4.1.3+4575b05f9e
	- fabric-loot-api-v3 3.0.17+06488ac19e
	- fabric-menu-api-v1 2.0.16+086d547a9e
	- fabric-message-api-v1 7.0.7+086d547a9e
	- fabric-networking-api-v1 6.3.3+72073ef09e
	- fabric-object-builder-api-v1 24.1.0+6fcd5f039e
	- fabric-particles-v1 5.0.18+d1756aa99e
	- fabric-permission-api-v1 1.0.3+b7020ca29e
	- fabric-recipe-api-v1 9.0.20+11e1c9a39e
	- fabric-registry-sync-v0 7.1.0+c7bd5b8e9e
	- fabric-rendering-fluids-v1 6.0.4+06488ac19e
	- fabric-resource-conditions-api-v1 6.1.0+10e9a28b9e
	- fabric-resource-loader-v0 3.3.20+4fc5413f9e
	- fabric-resource-loader-v1 2.0.13+9edec1269e
	- fabric-serialization-api-v1 2.0.4+11a26f319e
	- fabric-tag-api-v1 2.1.3+794df31d9e
	- fabric-transfer-api-v1 8.0.11+39b5a3929e
	- fabric-transitive-access-wideners-v1 8.1.4+67c847259e
	- fabricloader 0.19.3
	- java 25
	- minecraft 26.2
	- mixinextras 0.5.4
	- smart_survival_architect 0.1.0-SNAPSHOT
[19:53:23] [main/INFO] (FabricLoader/Mixin) SpongePowered MIXIN Subsystem Version=0.8.7 Source=file:/C:/Users/clone/.gradle/caches/modules-2/files-2.1/net.fabricmc/sponge-mixin/0.17.3+mixin.0.8.7/41c4a3984a80f4679e759fb9f495587acc5cdac7/sponge-mixin-0.17.3+mixin.0.8.7.jar Service=Knot/Fabric Env=SERVER
[19:53:23] [main/INFO] (FabricLoader/Mixin) Compatibility level set to JAVA_25
[19:53:24] [main/INFO] (FabricLoader/MixinExtras|Service) Initializing MixinExtras via com.llamalad7.mixinextras.service.MixinExtrasServiceImpl(version=0.5.4).
[19:53:29] [main/INFO] (smart_survival_architect) SSA_S1_COMMON_READY block=smart_survival_architect:spike_marker
[19:53:29] [main/INFO] (Minecraft) Environment: Environment[sessionHost=https://sessionserver.mojang.com, servicesHost=https://api.minecraftservices.com, profilesHost=https://api.mojang.com, name=PROD]
[19:53:30] [main/INFO] (Minecraft) Loaded 1585 recipes
[19:53:30] [main/INFO] (Minecraft) Loaded 1688 advancements
[19:53:30] [main/INFO] (BiomeModificationImpl) Applied 0 biome modifications to 0 of 66 new biomes in 1.576 ms
[19:53:30] [Server thread/INFO] (Minecraft) Starting minecraft server version 26.2
[19:53:30] [Server thread/INFO] (Minecraft) Loading properties
[19:53:30] [Server thread/INFO] (Minecraft) Default game type: SURVIVAL
[19:53:30] [Server thread/INFO] (Minecraft) Generating keypair
[19:53:30] [Server thread/INFO] (Minecraft) Starting Minecraft server on *:0
[19:53:31] [Server thread/INFO] (Minecraft) Preparing level "world"
[19:53:31] [Server thread/INFO] (Minecraft) Loading 0 persistent chunks...
[19:53:31] [Server thread/INFO] (Minecraft) Preparing spawn area: 100%
[19:53:31] [Server thread/INFO] (Minecraft) Time elapsed: 65 ms
[19:53:31] [Server thread/INFO] (Minecraft) Done (0.394s)! For help, type "help"
[19:53:31] [Server thread/INFO] (Minecraft) Saving chunks for level 'ServerLevel[world]'/minecraft:overworld
[19:53:31] [Server thread/INFO] (Minecraft) Saving chunks for level 'ServerLevel[world]'/minecraft:the_end
[19:53:31] [Server thread/INFO] (Minecraft) Saving chunks for level 'ServerLevel[world]'/minecraft:the_nether
[19:53:31] [Server thread/INFO] (Minecraft) ThreadedAnvilChunkStorage (world): All chunks are saved
[19:53:31] [Server thread/INFO] (Minecraft) ThreadedAnvilChunkStorage (DIM1): All chunks are saved
[19:53:31] [Server thread/INFO] (Minecraft) ThreadedAnvilChunkStorage (DIM-1): All chunks are saved
[19:53:31] [Server thread/INFO] (Minecraft) ThreadedAnvilChunkStorage: All dimensions are saved
SSA_S5_CRASH fixture=s5-after-clear-checkpoint boundary=after_clear_checkpoint exit=70

> Task :platform-fabric:runServer FAILED
12 actionable tasks: 3 executed, 9 up-to-date


FAILURE: Build failed with an exception.

* What went wrong:
Execution failed for task ':platform-fabric:runServer' (registered by plugin 'fabric-loom').
> Process 'command 'C:\Program Files\Eclipse Adoptium\jdk-25.0.4.7-hotspot\bin\java.exe'' finished with non-zero exit value 70

* Try:
> Run with --stacktrace option to get the stack trace.
> Run with --info or --debug option to get more log output.
> Run with --scan to get full insights from a Build Scan (powered by Develocity).
> Get more help at https://help.gradle.org.

BUILD FAILED in 15s

CASE=s5-after-clear-checkpoint MODE=recover BOUNDARY=after_clear_checkpoint
STARTED=2026-08-11T19:53:32.1334318+07:00
FINISHED=2026-08-11T19:53:47.5660643+07:00
GRADLE_EXIT_CODE=0
To honour the JVM settings for this build a single-use Daemon process will be forked. For more on this, please refer to https://docs.gradle.org/9.5.1/userguide/gradle_daemon.html#sec:disabling_the_daemon in the Gradle documentation.
Daemon will be stopped at the end of the build

> Configure project :platform-fabric
Fabric Loom: 1.17.19

> Task :construction-core:processResources NO-SOURCE
> Task :minecraft-common:processResources NO-SOURCE
> Task :platform-fabric:processResources UP-TO-DATE
> Task :architect-core:compileJava UP-TO-DATE
> Task :architect-core:processResources NO-SOURCE
> Task :architect-core:classes UP-TO-DATE
> Task :platform-fabric:deleteGameTestRunDir
> Task :architect-core:jar UP-TO-DATE
> Task :construction-core:compileJava UP-TO-DATE
> Task :construction-core:classes UP-TO-DATE
> Task :minecraft-common:compileJava NO-SOURCE
> Task :minecraft-common:classes UP-TO-DATE
> Task :construction-core:jar UP-TO-DATE
> Task :platform-fabric:acceptGameTestEula
> Task :minecraft-common:jar UP-TO-DATE
> Task :platform-fabric:compileJava UP-TO-DATE
> Task :platform-fabric:classes UP-TO-DATE
> Task :platform-fabric:generateLog4jConfig UP-TO-DATE
> Task :platform-fabric:generateDLIConfig UP-TO-DATE
> Task :platform-fabric:configureLaunch

> Task :platform-fabric:runServer
[19:53:38] [main/INFO] (FabricLoader/GameProvider) Loading Minecraft 26.2 with Fabric Loader 0.19.3
[19:53:38] [main/INFO] (FabricLoader/Mappings) Mappings not present!
[19:53:38] [main/INFO] (FabricLoader) Loading 43 mods:
	- fabric-api 0.154.2+26.2
	   |-- fabric-key-mapping-api-v1 2.0.5+e2bdee789e
	   |-- fabric-model-loading-api-v1 8.0.15+c80601bb9e
	   |-- fabric-renderer-api-v1 14.1.2+2b0d8a229e
	   |-- fabric-renderer-indigo 9.1.2+2b0d8a229e
	   |-- fabric-rendering-v1 25.3.1+6988455e9e
	   |-- fabric-screen-api-v1 5.1.0+48e3c0b09e
	   \-- fabric-sound-api-v1 2.0.5+11a26f319e
	- fabric-api-base 2.0.4+ece063239e
	- fabric-api-lookup-api-v1 2.0.17+11e1c9a39e
	- fabric-biome-api-v1 18.0.6+c7bd5b8e9e
	- fabric-block-api-v1 3.0.3+ec56b6019e
	- fabric-block-getter-api-v2 2.0.7+ec56b6019e
	- fabric-command-api-v2 3.1.0+00cb03469e
	- fabric-content-registries-v0 11.2.2+b7a678a99e
	- fabric-convention-tags-v2 4.7.0+1f023a9e9e
	- fabric-crash-report-info-v1 1.0.5+086d547a9e
	- fabric-creative-tab-api-v1 5.0.14+d871b99e9e
	- fabric-data-attachment-api-v1 2.2.17+aa0fd6fe9e
	- fabric-data-generation-api-v1 25.4.4+9e7dc27f9e
	- fabric-debug-api-v1 1.0.2+c792624d9e
	- fabric-dimensions-v1 5.1.9+9cbf5da59e
	- fabric-entity-events-v1 5.0.5+06488ac19e
	- fabric-events-interaction-v0 5.2.6+8f57f7ee9e
	- fabric-game-rule-api-v1 4.0.8+46a6d00c9e
	- fabric-gametest-api-v1 4.0.21+4a7fa0819e
	- fabric-item-api-v1 14.2.0+7aec7be39e
	- fabric-lifecycle-events-v1 4.1.3+4575b05f9e
	- fabric-loot-api-v3 3.0.17+06488ac19e
	- fabric-menu-api-v1 2.0.16+086d547a9e
	- fabric-message-api-v1 7.0.7+086d547a9e
	- fabric-networking-api-v1 6.3.3+72073ef09e
	- fabric-object-builder-api-v1 24.1.0+6fcd5f039e
	- fabric-particles-v1 5.0.18+d1756aa99e
	- fabric-permission-api-v1 1.0.3+b7020ca29e
	- fabric-recipe-api-v1 9.0.20+11e1c9a39e
	- fabric-registry-sync-v0 7.1.0+c7bd5b8e9e
	- fabric-rendering-fluids-v1 6.0.4+06488ac19e
	- fabric-resource-conditions-api-v1 6.1.0+10e9a28b9e
	- fabric-resource-loader-v0 3.3.20+4fc5413f9e
	- fabric-resource-loader-v1 2.0.13+9edec1269e
	- fabric-serialization-api-v1 2.0.4+11a26f319e
	- fabric-tag-api-v1 2.1.3+794df31d9e
	- fabric-transfer-api-v1 8.0.11+39b5a3929e
	- fabric-transitive-access-wideners-v1 8.1.4+67c847259e
	- fabricloader 0.19.3
	- java 25
	- minecraft 26.2
	- mixinextras 0.5.4
	- smart_survival_architect 0.1.0-SNAPSHOT
[19:53:38] [main/INFO] (FabricLoader/Mixin) SpongePowered MIXIN Subsystem Version=0.8.7 Source=file:/C:/Users/clone/.gradle/caches/modules-2/files-2.1/net.fabricmc/sponge-mixin/0.17.3+mixin.0.8.7/41c4a3984a80f4679e759fb9f495587acc5cdac7/sponge-mixin-0.17.3+mixin.0.8.7.jar Service=Knot/Fabric Env=SERVER
[19:53:38] [main/INFO] (FabricLoader/Mixin) Compatibility level set to JAVA_25
[19:53:39] [main/INFO] (FabricLoader/MixinExtras|Service) Initializing MixinExtras via com.llamalad7.mixinextras.service.MixinExtrasServiceImpl(version=0.5.4).
[19:53:44] [main/INFO] (smart_survival_architect) SSA_S1_COMMON_READY block=smart_survival_architect:spike_marker
[19:53:44] [main/INFO] (Minecraft) Environment: Environment[sessionHost=https://sessionserver.mojang.com, servicesHost=https://api.minecraftservices.com, profilesHost=https://api.mojang.com, name=PROD]
[19:53:45] [main/INFO] (Minecraft) Loaded 1585 recipes
[19:53:45] [main/INFO] (Minecraft) Loaded 1688 advancements
[19:53:46] [main/INFO] (BiomeModificationImpl) Applied 0 biome modifications to 0 of 66 new biomes in 1.584 ms
[19:53:46] [Server thread/INFO] (Minecraft) Starting minecraft server version 26.2
[19:53:46] [Server thread/INFO] (Minecraft) Loading properties
[19:53:46] [Server thread/INFO] (Minecraft) Default game type: SURVIVAL
[19:53:46] [Server thread/INFO] (Minecraft) Generating keypair
[19:53:46] [Server thread/INFO] (Minecraft) Starting Minecraft server on *:0
[19:53:46] [Server thread/INFO] (Minecraft) Preparing level "world"
[19:53:46] [Server thread/INFO] (Minecraft) Loading 0 persistent chunks...
[19:53:46] [Server thread/INFO] (Minecraft) Preparing spawn area: 100%
[19:53:46] [Server thread/INFO] (Minecraft) Time elapsed: 51 ms
[19:53:46] [Server thread/INFO] (Minecraft) Done (0.299s)! For help, type "help"
[19:53:46] [Server thread/INFO] (Minecraft) Saving chunks for level 'ServerLevel[world]'/minecraft:overworld
[19:53:46] [Server thread/INFO] (Minecraft) Saving chunks for level 'ServerLevel[world]'/minecraft:the_end
[19:53:46] [Server thread/INFO] (Minecraft) Saving chunks for level 'ServerLevel[world]'/minecraft:the_nether
[19:53:46] [Server thread/INFO] (Minecraft) ThreadedAnvilChunkStorage (world): All chunks are saved
[19:53:46] [Server thread/INFO] (Minecraft) ThreadedAnvilChunkStorage (DIM1): All chunks are saved
[19:53:46] [Server thread/INFO] (Minecraft) ThreadedAnvilChunkStorage (DIM-1): All chunks are saved
[19:53:46] [Server thread/INFO] (Minecraft) ThreadedAnvilChunkStorage: All dimensions are saved
SSA_S5_RECOVERY fixture=s5-after-clear-checkpoint boundary=after_clear_checkpoint first=NO_ACTIVE_INTENT second=NO_ACTIVE_INTENT scheduled=true world=fcd156d8-5cf8-4acf-a9b9-b0e9d1c1a231 metadata=true exact=true
[19:53:46] [Server thread/INFO] (Minecraft) Stopping server
[19:53:46] [Server thread/INFO] (Minecraft) Saving players
[19:53:46] [Server thread/INFO] (Minecraft) Saving worlds
[19:53:46] [Server thread/INFO] (Minecraft) Saving chunks for level 'ServerLevel[world]'/minecraft:overworld
[19:53:46] [Server thread/INFO] (Minecraft) Saving chunks for level 'ServerLevel[world]'/minecraft:the_end
[19:53:46] [Server thread/INFO] (Minecraft) Saving chunks for level 'ServerLevel[world]'/minecraft:the_nether
[19:53:46] [Server thread/INFO] (Minecraft) ThreadedAnvilChunkStorage (world): All chunks are saved
[19:53:46] [Server thread/INFO] (Minecraft) ThreadedAnvilChunkStorage (DIM1): All chunks are saved
[19:53:46] [Server thread/INFO] (Minecraft) ThreadedAnvilChunkStorage (DIM-1): All chunks are saved
[19:53:46] [Server thread/INFO] (Minecraft) ThreadedAnvilChunkStorage: All dimensions are saved

BUILD SUCCESSFUL in 15s
12 actionable tasks: 3 executed, 9 up-to-date

CASE=s5-foreign-evidence MODE=crash BOUNDARY=foreign_evidence
STARTED=2026-08-11T19:53:47.5835906+07:00
FINISHED=2026-08-11T19:54:02.7403202+07:00
GRADLE_EXIT_CODE=1
To honour the JVM settings for this build a single-use Daemon process will be forked. For more on this, please refer to https://docs.gradle.org/9.5.1/userguide/gradle_daemon.html#sec:disabling_the_daemon in the Gradle documentation.
Daemon will be stopped at the end of the build

> Configure project :platform-fabric
Fabric Loom: 1.17.19

> Task :minecraft-common:processResources NO-SOURCE
> Task :construction-core:processResources NO-SOURCE
> Task :platform-fabric:processResources UP-TO-DATE
> Task :architect-core:compileJava UP-TO-DATE
> Task :architect-core:processResources NO-SOURCE
> Task :architect-core:classes UP-TO-DATE
> Task :platform-fabric:deleteGameTestRunDir
> Task :architect-core:jar UP-TO-DATE
> Task :construction-core:compileJava UP-TO-DATE
> Task :construction-core:classes UP-TO-DATE
> Task :minecraft-common:compileJava NO-SOURCE
> Task :minecraft-common:classes UP-TO-DATE
> Task :construction-core:jar UP-TO-DATE
> Task :minecraft-common:jar UP-TO-DATE
> Task :platform-fabric:acceptGameTestEula
> Task :platform-fabric:compileJava UP-TO-DATE
> Task :platform-fabric:classes UP-TO-DATE
> Task :platform-fabric:generateLog4jConfig UP-TO-DATE
> Task :platform-fabric:generateDLIConfig UP-TO-DATE
> Task :platform-fabric:configureLaunch

> Task :platform-fabric:runServer
[19:53:54] [main/INFO] (FabricLoader/GameProvider) Loading Minecraft 26.2 with Fabric Loader 0.19.3
[19:53:54] [main/INFO] (FabricLoader/Mappings) Mappings not present!
[19:53:54] [main/INFO] (FabricLoader) Loading 43 mods:
	- fabric-api 0.154.2+26.2
	   |-- fabric-key-mapping-api-v1 2.0.5+e2bdee789e
	   |-- fabric-model-loading-api-v1 8.0.15+c80601bb9e
	   |-- fabric-renderer-api-v1 14.1.2+2b0d8a229e
	   |-- fabric-renderer-indigo 9.1.2+2b0d8a229e
	   |-- fabric-rendering-v1 25.3.1+6988455e9e
	   |-- fabric-screen-api-v1 5.1.0+48e3c0b09e
	   \-- fabric-sound-api-v1 2.0.5+11a26f319e
	- fabric-api-base 2.0.4+ece063239e
	- fabric-api-lookup-api-v1 2.0.17+11e1c9a39e
	- fabric-biome-api-v1 18.0.6+c7bd5b8e9e
	- fabric-block-api-v1 3.0.3+ec56b6019e
	- fabric-block-getter-api-v2 2.0.7+ec56b6019e
	- fabric-command-api-v2 3.1.0+00cb03469e
	- fabric-content-registries-v0 11.2.2+b7a678a99e
	- fabric-convention-tags-v2 4.7.0+1f023a9e9e
	- fabric-crash-report-info-v1 1.0.5+086d547a9e
	- fabric-creative-tab-api-v1 5.0.14+d871b99e9e
	- fabric-data-attachment-api-v1 2.2.17+aa0fd6fe9e
	- fabric-data-generation-api-v1 25.4.4+9e7dc27f9e
	- fabric-debug-api-v1 1.0.2+c792624d9e
	- fabric-dimensions-v1 5.1.9+9cbf5da59e
	- fabric-entity-events-v1 5.0.5+06488ac19e
	- fabric-events-interaction-v0 5.2.6+8f57f7ee9e
	- fabric-game-rule-api-v1 4.0.8+46a6d00c9e
	- fabric-gametest-api-v1 4.0.21+4a7fa0819e
	- fabric-item-api-v1 14.2.0+7aec7be39e
	- fabric-lifecycle-events-v1 4.1.3+4575b05f9e
	- fabric-loot-api-v3 3.0.17+06488ac19e
	- fabric-menu-api-v1 2.0.16+086d547a9e
	- fabric-message-api-v1 7.0.7+086d547a9e
	- fabric-networking-api-v1 6.3.3+72073ef09e
	- fabric-object-builder-api-v1 24.1.0+6fcd5f039e
	- fabric-particles-v1 5.0.18+d1756aa99e
	- fabric-permission-api-v1 1.0.3+b7020ca29e
	- fabric-recipe-api-v1 9.0.20+11e1c9a39e
	- fabric-registry-sync-v0 7.1.0+c7bd5b8e9e
	- fabric-rendering-fluids-v1 6.0.4+06488ac19e
	- fabric-resource-conditions-api-v1 6.1.0+10e9a28b9e
	- fabric-resource-loader-v0 3.3.20+4fc5413f9e
	- fabric-resource-loader-v1 2.0.13+9edec1269e
	- fabric-serialization-api-v1 2.0.4+11a26f319e
	- fabric-tag-api-v1 2.1.3+794df31d9e
	- fabric-transfer-api-v1 8.0.11+39b5a3929e
	- fabric-transitive-access-wideners-v1 8.1.4+67c847259e
	- fabricloader 0.19.3
	- java 25
	- minecraft 26.2
	- mixinextras 0.5.4
	- smart_survival_architect 0.1.0-SNAPSHOT
[19:53:54] [main/INFO] (FabricLoader/Mixin) SpongePowered MIXIN Subsystem Version=0.8.7 Source=file:/C:/Users/clone/.gradle/caches/modules-2/files-2.1/net.fabricmc/sponge-mixin/0.17.3+mixin.0.8.7/41c4a3984a80f4679e759fb9f495587acc5cdac7/sponge-mixin-0.17.3+mixin.0.8.7.jar Service=Knot/Fabric Env=SERVER
[19:53:54] [main/INFO] (FabricLoader/Mixin) Compatibility level set to JAVA_25
[19:53:55] [main/INFO] (FabricLoader/MixinExtras|Service) Initializing MixinExtras via com.llamalad7.mixinextras.service.MixinExtrasServiceImpl(version=0.5.4).
[19:53:59] [main/INFO] (smart_survival_architect) SSA_S1_COMMON_READY block=smart_survival_architect:spike_marker
[19:54:00] [main/INFO] (Minecraft) Environment: Environment[sessionHost=https://sessionserver.mojang.com, servicesHost=https://api.minecraftservices.com, profilesHost=https://api.mojang.com, name=PROD]
[19:54:01] [main/INFO] (Minecraft) Loaded 1585 recipes
[19:54:01] [main/INFO] (Minecraft) Loaded 1688 advancements
[19:54:01] [main/INFO] (BiomeModificationImpl) Applied 0 biome modifications to 0 of 66 new biomes in 1.231 ms
[19:54:01] [Server thread/INFO] (Minecraft) Starting minecraft server version 26.2
[19:54:01] [Server thread/INFO] (Minecraft) Loading properties
[19:54:01] [Server thread/INFO] (Minecraft) Default game type: SURVIVAL
[19:54:01] [Server thread/INFO] (Minecraft) Generating keypair
[19:54:01] [Server thread/INFO] (Minecraft) Starting Minecraft server on *:0
[19:54:01] [Server thread/INFO] (Minecraft) Preparing level "world"
[19:54:01] [Server thread/INFO] (Minecraft) Loading 0 persistent chunks...
[19:54:02] [Server thread/INFO] (Minecraft) Preparing spawn area: 100%
[19:54:02] [Server thread/INFO] (Minecraft) Time elapsed: 56 ms
[19:54:02] [Server thread/INFO] (Minecraft) Done (0.316s)! For help, type "help"
[19:54:02] [Server thread/INFO] (Minecraft) Saving chunks for level 'ServerLevel[world]'/minecraft:overworld
[19:54:02] [Server thread/INFO] (Minecraft) Saving chunks for level 'ServerLevel[world]'/minecraft:the_end
[19:54:02] [Server thread/INFO] (Minecraft) Saving chunks for level 'ServerLevel[world]'/minecraft:the_nether
[19:54:02] [Server thread/INFO] (Minecraft) ThreadedAnvilChunkStorage (world): All chunks are saved
[19:54:02] [Server thread/INFO] (Minecraft) ThreadedAnvilChunkStorage (DIM1): All chunks are saved
[19:54:02] [Server thread/INFO] (Minecraft) ThreadedAnvilChunkStorage (DIM-1): All chunks are saved
[19:54:02] [Server thread/INFO] (Minecraft) ThreadedAnvilChunkStorage: All dimensions are saved
SSA_S5_CRASH fixture=s5-foreign-evidence boundary=foreign_evidence exit=70

> Task :platform-fabric:runServer FAILED
12 actionable tasks: 3 executed, 9 up-to-date


FAILURE: Build failed with an exception.

* What went wrong:
Execution failed for task ':platform-fabric:runServer' (registered by plugin 'fabric-loom').
> Process 'command 'C:\Program Files\Eclipse Adoptium\jdk-25.0.4.7-hotspot\bin\java.exe'' finished with non-zero exit value 70

* Try:
> Run with --stacktrace option to get the stack trace.
> Run with --info or --debug option to get more log output.
> Run with --scan to get full insights from a Build Scan (powered by Develocity).
> Get more help at https://help.gradle.org.

BUILD FAILED in 14s

CASE=s5-foreign-evidence MODE=recover BOUNDARY=foreign_evidence
STARTED=2026-08-11T19:54:02.7423209+07:00
FINISHED=2026-08-11T19:54:17.9632838+07:00
GRADLE_EXIT_CODE=0
To honour the JVM settings for this build a single-use Daemon process will be forked. For more on this, please refer to https://docs.gradle.org/9.5.1/userguide/gradle_daemon.html#sec:disabling_the_daemon in the Gradle documentation.
Daemon will be stopped at the end of the build

> Configure project :platform-fabric
Fabric Loom: 1.17.19

> Task :minecraft-common:processResources NO-SOURCE
> Task :construction-core:processResources NO-SOURCE
> Task :platform-fabric:processResources UP-TO-DATE
> Task :architect-core:compileJava UP-TO-DATE
> Task :architect-core:processResources NO-SOURCE
> Task :architect-core:classes UP-TO-DATE
> Task :architect-core:jar UP-TO-DATE
> Task :platform-fabric:deleteGameTestRunDir
> Task :construction-core:compileJava UP-TO-DATE
> Task :construction-core:classes UP-TO-DATE
> Task :minecraft-common:compileJava NO-SOURCE
> Task :minecraft-common:classes UP-TO-DATE
> Task :construction-core:jar UP-TO-DATE
> Task :platform-fabric:acceptGameTestEula
> Task :minecraft-common:jar UP-TO-DATE
> Task :platform-fabric:compileJava UP-TO-DATE
> Task :platform-fabric:classes UP-TO-DATE
> Task :platform-fabric:generateLog4jConfig UP-TO-DATE
> Task :platform-fabric:generateDLIConfig UP-TO-DATE
> Task :platform-fabric:configureLaunch

> Task :platform-fabric:runServer
[19:54:09] [main/INFO] (FabricLoader/GameProvider) Loading Minecraft 26.2 with Fabric Loader 0.19.3
[19:54:09] [main/INFO] (FabricLoader/Mappings) Mappings not present!
[19:54:09] [main/INFO] (FabricLoader) Loading 43 mods:
	- fabric-api 0.154.2+26.2
	   |-- fabric-key-mapping-api-v1 2.0.5+e2bdee789e
	   |-- fabric-model-loading-api-v1 8.0.15+c80601bb9e
	   |-- fabric-renderer-api-v1 14.1.2+2b0d8a229e
	   |-- fabric-renderer-indigo 9.1.2+2b0d8a229e
	   |-- fabric-rendering-v1 25.3.1+6988455e9e
	   |-- fabric-screen-api-v1 5.1.0+48e3c0b09e
	   \-- fabric-sound-api-v1 2.0.5+11a26f319e
	- fabric-api-base 2.0.4+ece063239e
	- fabric-api-lookup-api-v1 2.0.17+11e1c9a39e
	- fabric-biome-api-v1 18.0.6+c7bd5b8e9e
	- fabric-block-api-v1 3.0.3+ec56b6019e
	- fabric-block-getter-api-v2 2.0.7+ec56b6019e
	- fabric-command-api-v2 3.1.0+00cb03469e
	- fabric-content-registries-v0 11.2.2+b7a678a99e
	- fabric-convention-tags-v2 4.7.0+1f023a9e9e
	- fabric-crash-report-info-v1 1.0.5+086d547a9e
	- fabric-creative-tab-api-v1 5.0.14+d871b99e9e
	- fabric-data-attachment-api-v1 2.2.17+aa0fd6fe9e
	- fabric-data-generation-api-v1 25.4.4+9e7dc27f9e
	- fabric-debug-api-v1 1.0.2+c792624d9e
	- fabric-dimensions-v1 5.1.9+9cbf5da59e
	- fabric-entity-events-v1 5.0.5+06488ac19e
	- fabric-events-interaction-v0 5.2.6+8f57f7ee9e
	- fabric-game-rule-api-v1 4.0.8+46a6d00c9e
	- fabric-gametest-api-v1 4.0.21+4a7fa0819e
	- fabric-item-api-v1 14.2.0+7aec7be39e
	- fabric-lifecycle-events-v1 4.1.3+4575b05f9e
	- fabric-loot-api-v3 3.0.17+06488ac19e
	- fabric-menu-api-v1 2.0.16+086d547a9e
	- fabric-message-api-v1 7.0.7+086d547a9e
	- fabric-networking-api-v1 6.3.3+72073ef09e
	- fabric-object-builder-api-v1 24.1.0+6fcd5f039e
	- fabric-particles-v1 5.0.18+d1756aa99e
	- fabric-permission-api-v1 1.0.3+b7020ca29e
	- fabric-recipe-api-v1 9.0.20+11e1c9a39e
	- fabric-registry-sync-v0 7.1.0+c7bd5b8e9e
	- fabric-rendering-fluids-v1 6.0.4+06488ac19e
	- fabric-resource-conditions-api-v1 6.1.0+10e9a28b9e
	- fabric-resource-loader-v0 3.3.20+4fc5413f9e
	- fabric-resource-loader-v1 2.0.13+9edec1269e
	- fabric-serialization-api-v1 2.0.4+11a26f319e
	- fabric-tag-api-v1 2.1.3+794df31d9e
	- fabric-transfer-api-v1 8.0.11+39b5a3929e
	- fabric-transitive-access-wideners-v1 8.1.4+67c847259e
	- fabricloader 0.19.3
	- java 25
	- minecraft 26.2
	- mixinextras 0.5.4
	- smart_survival_architect 0.1.0-SNAPSHOT
[19:54:09] [main/INFO] (FabricLoader/Mixin) SpongePowered MIXIN Subsystem Version=0.8.7 Source=file:/C:/Users/clone/.gradle/caches/modules-2/files-2.1/net.fabricmc/sponge-mixin/0.17.3+mixin.0.8.7/41c4a3984a80f4679e759fb9f495587acc5cdac7/sponge-mixin-0.17.3+mixin.0.8.7.jar Service=Knot/Fabric Env=SERVER
[19:54:09] [main/INFO] (FabricLoader/Mixin) Compatibility level set to JAVA_25
[19:54:09] [main/INFO] (FabricLoader/MixinExtras|Service) Initializing MixinExtras via com.llamalad7.mixinextras.service.MixinExtrasServiceImpl(version=0.5.4).
[19:54:15] [main/INFO] (smart_survival_architect) SSA_S1_COMMON_READY block=smart_survival_architect:spike_marker
[19:54:15] [main/INFO] (Minecraft) Environment: Environment[sessionHost=https://sessionserver.mojang.com, servicesHost=https://api.minecraftservices.com, profilesHost=https://api.mojang.com, name=PROD]
[19:54:16] [main/INFO] (Minecraft) Loaded 1585 recipes
[19:54:16] [main/INFO] (Minecraft) Loaded 1688 advancements
[19:54:16] [main/INFO] (BiomeModificationImpl) Applied 0 biome modifications to 0 of 66 new biomes in 1.712 ms
[19:54:16] [Server thread/INFO] (Minecraft) Starting minecraft server version 26.2
[19:54:16] [Server thread/INFO] (Minecraft) Loading properties
[19:54:16] [Server thread/INFO] (Minecraft) Default game type: SURVIVAL
[19:54:16] [Server thread/INFO] (Minecraft) Generating keypair
[19:54:16] [Server thread/INFO] (Minecraft) Starting Minecraft server on *:0
[19:54:16] [Server thread/INFO] (Minecraft) Preparing level "world"
[19:54:16] [Server thread/INFO] (Minecraft) Loading 0 persistent chunks...
[19:54:16] [Server thread/INFO] (Minecraft) Preparing spawn area: 100%
[19:54:16] [Server thread/INFO] (Minecraft) Time elapsed: 60 ms
[19:54:16] [Server thread/INFO] (Minecraft) Done (0.300s)! For help, type "help"
[19:54:16] [Server thread/INFO] (Minecraft) Saving chunks for level 'ServerLevel[world]'/minecraft:overworld
[19:54:17] [Server thread/INFO] (Minecraft) Saving chunks for level 'ServerLevel[world]'/minecraft:the_end
[19:54:17] [Server thread/INFO] (Minecraft) Saving chunks for level 'ServerLevel[world]'/minecraft:the_nether
[19:54:17] [Server thread/INFO] (Minecraft) ThreadedAnvilChunkStorage (world): All chunks are saved
[19:54:17] [Server thread/INFO] (Minecraft) ThreadedAnvilChunkStorage (DIM1): All chunks are saved
[19:54:17] [Server thread/INFO] (Minecraft) ThreadedAnvilChunkStorage (DIM-1): All chunks are saved
[19:54:17] [Server thread/INFO] (Minecraft) ThreadedAnvilChunkStorage: All dimensions are saved
SSA_S5_RECOVERY fixture=s5-foreign-evidence boundary=foreign_evidence first=QUARANTINED second=QUARANTINED scheduled=false world=fcd156d8-5cf8-4acf-a9b9-b0e9d1c1a231 metadata=true exact=true
[19:54:17] [Server thread/INFO] (Minecraft) Stopping server
[19:54:17] [Server thread/INFO] (Minecraft) Saving players
[19:54:17] [Server thread/INFO] (Minecraft) Saving worlds
[19:54:17] [Server thread/INFO] (Minecraft) Saving chunks for level 'ServerLevel[world]'/minecraft:overworld
[19:54:17] [Server thread/INFO] (Minecraft) Saving chunks for level 'ServerLevel[world]'/minecraft:the_end
[19:54:17] [Server thread/INFO] (Minecraft) Saving chunks for level 'ServerLevel[world]'/minecraft:the_nether
[19:54:17] [Server thread/INFO] (Minecraft) ThreadedAnvilChunkStorage (world): All chunks are saved
[19:54:17] [Server thread/INFO] (Minecraft) ThreadedAnvilChunkStorage (DIM1): All chunks are saved
[19:54:17] [Server thread/INFO] (Minecraft) ThreadedAnvilChunkStorage (DIM-1): All chunks are saved
[19:54:17] [Server thread/INFO] (Minecraft) ThreadedAnvilChunkStorage: All dimensions are saved

BUILD SUCCESSFUL in 15s
12 actionable tasks: 3 executed, 9 up-to-date

